sep=,
DeviceTag:,Xsens_1,,,,,,,,,,,,,,,,,
FirmwareVersion:,2.2.1,,,,,,,,,,,,,,,,,
AppVersion:,2023.0.0,,,,,,,,,,,,,,,,,
SyncStatus:,Un-synced,,,,,,,,,,,,,,,,,
OutputRate:,60Hz,,,,,,,,,,,,,,,,,
FilterProfile:,General,,,,,,,,,,,,,,,,,
Measurement Mode:,Sensor fusion Mode - Extended (Quaternion),,,,,,,,,,,,,,,,,
StartTime:,2023-07-17 14:48:33.869 +0200,,,,,,,,,,,,,,,,,
Â© Movella Technologies B. V. 2005-2023,,,,,,,,,,,,,,,,,,,

PacketCounter,SampleTimeFine,Quat_W,Quat_X,Quat_Y,Quat_Z,FreeAcc_X,FreeAcc_Y,FreeAcc_Z,Status
1, 589714709, 0.62292147, -0.007845766, -0.003823296, 0.7822358, -0.0038227264, 0.02894035, 0.13267231, 0
2, 589731376, 0.622941, -0.0077692945, -0.0041703884, 0.78221923, 0.016835075, -0.011403362, 0.11466789, 0
3, 589748043, 0.6228507, -0.007959709, -0.0043727416, 0.782288, -0.0012365523, -0.029039785, 0.12716103, 0
4, 589764710, 0.6226697, -0.008207355, -0.0044027045, 0.78242934, -0.024011448, -0.033119574, 0.10877037, 0
5, 589781377, 0.6224738, -0.00840397, -0.004330855, 0.7825836, -0.012311668, -0.03940353, 0.1366272, 0
6, 589798044, 0.62237036, -0.008595539, -0.0042368458, 0.7826643, -0.021329928, -0.02403213, 0.10656643, 0
7, 589814711, 0.62218016, -0.0087633645, -0.0041608824, 0.7828141, -0.029484628, 2.651632E-4, 0.12967682, 0
8, 589831378, 0.6220717, -0.008892193, -0.004124362, 0.7828991, -0.017321253, 0.014336159, 0.11785507, 0
9, 589848045, 0.6219032, -0.008995861, -0.0041290373, 0.78303164, -0.009637668, 0.012632806, 0.12624359, 0
10, 589864712, 0.6217121, -0.009102978, -0.0041561197, 0.783182, -0.024333315, -0.005738831, 0.1442194, 0
11, 589881379, 0.621618, -0.00921695, -0.004188394, 0.7832553, -0.017451832, 7.41169E-4, 0.11671829, 0
12, 589898046, 0.6214699, -0.0093220305, -0.004235184, 0.78337115, -0.033721853, 0.010448267, 0.114673615, 0
13, 589914713, 0.62128747, -0.0094230715, -0.0042881775, 0.78351444, -0.017049253, 0.0072788633, 0.10976982, 0
14, 589931380, 0.6211434, -0.009523449, -0.0043361457, 0.78362715, -0.016452165, -0.010708523, 0.12006092, 0
15, 589948047, 0.62095433, -0.0096237315, -0.0043817596, 0.78377557, -0.02815526, -0.008544328, 0.11452961, 0
16, 589964714, 0.62078726, -0.009728437, -0.0044389693, 0.7839063, -0.042987876, 0.0115697915, 0.117489815, 0
17, 589981381, 0.62065333, -0.00983033, -0.00449375, 0.78401077, -0.01887274, -0.004486352, 0.117863655, 0
18, 589998048, 0.62054485, -0.00994566, -0.0045476584, 0.78409463, -0.030475596, 0.0068634124, 0.14486504, 0
19, 590014715, 0.62038386, -0.010045235, -0.004617826, 0.7842205, -0.036918283, 0.0013265914, 0.11358738, 0
20, 590031382, 0.6202443, -0.010166034, -0.0046699876, 0.78432894, -0.043938365, 0.016598938, 0.13323021, 0
21, 590048049, 0.6200092, -0.010272218, -0.0047268295, 0.7845132, -0.03799, -0.010163874, 0.12389946, 0
22, 590064716, 0.6198768, -0.010376996, -0.0047870544, 0.78461593, -0.043035503, -0.013432885, 0.12769318, 0
23, 590081383, 0.61971056, -0.010480554, -0.004841281, 0.7847455, -0.0474897, -0.014484618, 0.12746811, 0
24, 590098050, 0.61958003, -0.0105766235, -0.004907932, 0.78484684, -0.053619504, -0.0070567788, 0.13691711, 0
25, 590114717, 0.6194225, -0.010687061, -0.004966268, 0.7849694, -0.06161993, 0.015705781, 0.11378765, 0
26, 590131384, 0.619232, -0.0107785845, -0.0050127455, 0.7851182, -0.07246286, 0.0063241525, 0.1403532, 0
27, 590148051, 0.6189845, -0.010884023, -0.0050672963, 0.7853114, -0.059963785, 0.005594599, 0.1349163, 0
28, 590164718, 0.61887956, -0.010985828, -0.0051248274, 0.7853925, -0.07327217, -1.8173E-4, 0.13194275, 0
30, 590198052, 0.6185681, -0.011188253, -0.0052190884, 0.7856342, -0.058878243, 0.021807097, 0.14502525, 0
34, 590264720, 0.61797464, -0.011589762, -0.0054273577, 0.78609395, -0.06684829, 0.024096262, 0.1348362, 0
36, 590298054, 0.61767805, -0.011795411, -0.005526423, 0.78632337, -0.11407745, -0.047406908, 0.099113464, 0
37, 590314721, 0.61750436, -0.0118795475, -0.005576346, 0.7864581, -0.11289243, -0.029550921, 0.10742283, 0
39, 590348055, 0.6171398, -0.0120437415, -0.00570978, 0.7867407, -0.05129869, 0.024490017, 0.123075485, 0
41, 590381389, 0.61681265, -0.012229427, -0.0058244388, 0.7869935, -0.051444836, 0.033161636, 0.10170078, 0
43, 590414723, 0.61651844, -0.012408768, -0.005953167, 0.7872202, -0.12833616, 0.014519402, 0.1163311, 0
45, 590448057, 0.61621284, -0.0126001965, -0.0060853884, 0.7874554, -0.12521613, 0.012245925, 0.1326828, 0
46, 590464724, 0.6159874, -0.01269975, -0.0061333897, 0.7876299, -0.09857148, 0.012290188, 0.11493778, 0
48, 590498058, 0.61569065, -0.012900945, -0.006238969, 0.78785783, -0.06836954, -0.002667627, 0.115799904, 0
50, 590531392, 0.6152844, -0.013081078, -0.006358621, 0.7881712, -0.13559768, 0.017425118, 0.12513924, 0
54, 590598060, 0.6146107, -0.013452165, -0.0065762233, 0.7886886, -0.11410702, 0.0044054613, 0.123672485, 0
55, 590614727, 0.61444134, -0.013542984, -0.0066324756, 0.7888185, -0.08596848, -0.02099476, 0.11632252, 0
57, 590648061, 0.6141489, -0.013700245, -0.0067564887, 0.7890425, -0.13834827, 0.022346385, 0.11144543, 0
59, 590681395, 0.6137945, -0.013909112, -0.0068744267, 0.7893135, -0.16175912, 0.016730644, 0.14750195, 0
61, 590714729, 0.61346734, -0.014108838, -0.0069719083, 0.78956324, -0.15743256, -0.014720898, 0.084207535, 0
63, 590748063, 0.61314225, -0.014235458, -0.0070904708, 0.78981256, -0.079008676, -0.062043343, 0.25372028, 0
64, 590764730, 0.6129936, -0.014296358, -0.0071685943, 0.789926, -0.098552585, 0.11585769, -0.076314926, 0
66, 590798064, 0.6126739, -0.014542275, -0.0072614783, 0.79016864, -0.24698642, 0.047763556, 0.27342033, 0
68, 590831398, 0.612369, -0.014721276, -0.007354496, 0.790401, -0.16584794, 0.01767801, 0.033904076, 0
70, 590864732, 0.61201775, -0.01490054, -0.0074509457, 0.79066855, -0.094748415, -0.05078462, 0.14300632, 0
72, 590898066, 0.611698, -0.015017884, -0.007603456, 0.7909123, -0.122790754, 0.009420414, 0.07503319, 0
73, 590914733, 0.6115474, -0.015172921, -0.0076339846, 0.79102546, -0.25551865, 0.0682794, 0.21242714, 0
75, 590948067, 0.61122495, -0.015252407, -0.0077499514, 0.791272, -0.21103464, 0.051694013, 0.17938423, 0
77, 590981401, 0.610918, -0.015448504, -0.007819253, 0.79150456, -0.09370797, -0.0082813995, 0.19216728, 0
79, 591014735, 0.6105996, -0.015620395, -0.007931598, 0.79174584, -0.13339989, -0.011288683, 0.12257099, 0
81, 591048069, 0.6102879, -0.015733566, -0.008069694, 0.7919824, -0.23240466, -0.032625306, 0.21207047, 0
82, 591064736, 0.61012024, -0.015807938, -0.008122884, 0.79210955, -0.278909, 0.05029619, 0.10040188, 0
84, 591098070, 0.60979646, -0.01593547, -0.0082117105, 0.7923554, -0.14759402, 0.08023238, 0.14596176, 0
86, 591131404, 0.60948414, -0.016099764, -0.008283484, 0.7925915, -0.1351856, 0.031334985, 0.13350582, 0
90, 591198072, 0.6088336, -0.016347162, -0.008473287, 0.7930843, -0.22660671, -0.006818661, 0.17288303, 0
91, 591214739, 0.6086702, -0.016418312, -0.008524014, 0.7932078, -0.17909941, 0.05281586, 0.15554905, 0
93, 591248073, 0.6083595, -0.016570054, -0.00859755, 0.7934421, -0.1277878, 0.061266094, 0.17438602, 0
95, 591281407, 0.6080341, -0.016681574, -0.008664542, 0.79368854, -0.22912782, -0.0062348032, 0.12549877, 0
97, 591314741, 0.6077129, -0.016860506, -0.008728958, 0.79392993, -0.237265, -0.053210136, 0.07465172, 0
99, 591348075, 0.6073866, -0.016958391, -0.008829156, 0.7941764, -0.15791892, 0.0055124653, 0.16477203, 0
100, 591364742, 0.6072284, -0.017007176, -0.008876522, 0.7942958, -0.14304939, 0.071739055, 0.09405708, 0
102, 591398076, 0.6069147, -0.017141743, -0.008944859, 0.7945317, -0.23797928, 0.03967235, 0.14988613, 0
104, 591431410, 0.60658276, -0.017254861, -0.009013272, 0.79478204, -0.2422339, -0.022491941, 0.13438416, 0
106, 591464744, 0.6062615, -0.0173634, -0.009061642, 0.79502416, -0.16550815, 0.01304761, 0.10425949, 0
109, 591514745, 0.6057724, -0.0175077, -0.009183254, 0.7953924, -0.23539077, 0.04963401, 0.122439384, 0
111, 591548079, 0.6054437, -0.017617805, -0.009251385, 0.7956394, -0.26215473, 0.047941223, 0.1031332, 0
113, 591581413, 0.6051278, -0.017749377, -0.009296904, 0.79587626, -0.20500359, -0.009532485, 0.114367485, 0
115, 591614747, 0.6048169, -0.017843094, -0.009373223, 0.79610956, -0.19595416, -0.0019473566, 0.11222839, 0
117, 591648081, 0.6044884, -0.017895086, -0.009435632, 0.7963571, -0.24370229, 0.028827123, 0.12710762, 0
118, 591664748, 0.60433125, -0.017942242, -0.009465483, 0.796475, -0.27263623, 0.055918057, 0.1415863, 0
120, 591698082, 0.60401237, -0.01803197, -0.009505609, 0.79671425, -0.21022458, 0.045779597, 0.11511135, 0
122, 591731416, 0.60369253, -0.018126035, -0.009531427, 0.7969542, -0.20567498, 0.0027216615, 0.11798477, 0
124, 591764750, 0.6033656, -0.018180758, -0.009589196, 0.79719985, -0.26015082, 0.017691273, 0.09667778, 0
126, 591798084, 0.60303664, -0.018231818, -0.009643901, 0.7974469, -0.24625444, 0.057319697, 0.1382246, 0
129, 591848085, 0.6025392, -0.018344216, -0.009691115, 0.7978196, -0.20892078, 0.02264923, 0.11120129, 0
131, 591881419, 0.60222167, -0.018391035, -0.009721611, 0.7980579, -0.26249257, 0.023889016, 0.10958767, 0
133, 591914753, 0.6018853, -0.018425496, -0.009760273, 0.79831034, -0.24122532, 0.013124206, 0.11486912, 0
135, 591948087, 0.6015504, -0.018463006, -0.009782803, 0.79856163, -0.22957426, 0.03154436, 0.14694118, 0
136, 591964754, 0.6013899, -0.018486168, -0.009789455, 0.79868186, -0.23252265, 0.039208762, 0.13260841, 0
138, 591998088, 0.6010588, -0.018528061, -0.009800741, 0.79893, -0.25025398, 0.029445115, 0.110982895, 0
140, 592031422, 0.6007296, -0.01857915, -0.009813301, 0.79917616, -0.24475811, -0.0052025295, 0.10471153, 0
142, 592064756, 0.6004036, -0.018595468, -0.009839562, 0.7994204, -0.23439161, 0.027830437, 0.13687992, 0
144, 592098090, 0.6000872, -0.018630592, -0.00985189, 0.7996569, -0.2481566, 0.042438183, 0.1503458, 0
145, 592114757, 0.5999188, -0.018646026, -0.009862337, 0.7997829, -0.25195667, 0.04074992, 0.1272955, 0
149, 592181425, 0.5992655, -0.018693382, -0.009878464, 0.8002711, -0.2364388, 0.0036355988, 0.12075806, 0
151, 592214759, 0.5989356, -0.018705105, -0.009898747, 0.8005175, -0.26273006, 0.028794391, 0.13685131, 0
153, 592248093, 0.5986166, -0.018715706, -0.009918995, 0.80075556, -0.26344883, 0.02220845, 0.1235466, 0
154, 592264760, 0.5984555, -0.018709885, -0.009921851, 0.8008762, -0.253466, 0.030958556, 0.12051487, 0
156, 592298094, 0.5981151, -0.018717099, -0.009898076, 0.8011305, -0.23471202, 0.029460592, 0.13032722, 0
158, 592331428, 0.5977746, -0.018693693, -0.009912078, 0.801385, -0.23769379, 0.025093053, 0.12565804, 0
160, 592364762, 0.5974532, -0.018692913, -0.009914968, 0.8016247, -0.25305814, 0.020528931, 0.12439823, 0
162, 592398096, 0.5971265, -0.018677223, -0.009917604, 0.8018683, -0.25346798, 0.04484418, 0.12451649, 0
163, 592414763, 0.59696317, -0.01867238, -0.0099044265, 0.8019902, -0.2321614, 0.039813593, 0.11663723, 0
165, 592448097, 0.59664047, -0.018648123, -0.0099065285, 0.802231, -0.2466753, 0.015452226, 0.13479614, 0
167, 592481431, 0.5963163, -0.018648734, -0.009887245, 0.8024721, -0.2606524, 0.0061662057, 0.14203835, 0
169, 592514765, 0.5959943, -0.01862767, -0.009868179, 0.8027119, -0.2362854, 0.033851095, 0.09624004, 0
171, 592548099, 0.59568053, -0.018611781, -0.009844779, 0.8029455, -0.23314026, 0.030824713, 0.13201427, 0
172, 592564766, 0.5955339, -0.018588783, -0.009842726, 0.80305475, -0.23095533, 0.036775563, 0.12501717, 0
174, 592598100, 0.5952115, -0.018557575, -0.00984163, 0.8032945, -0.2451812, 0.007764428, 0.12639618, 0
176, 592631434, 0.5949034, -0.018509671, -0.009835662, 0.803524, -0.25847498, 0.0169308, 0.13567829, 0
178, 592664768, 0.59458876, -0.018498128, -0.009816535, 0.8037573, -0.24153788, 0.012858686, 0.16490936, 0
180, 592698102, 0.5942797, -0.0184552, -0.009808912, 0.8039868, -0.25501624, 0.032497842, 0.12469864, 0
181, 592714769, 0.5941218, -0.018427672, -0.009801847, 0.80410427, -0.2546861, 0.026322534, 0.12944794, 0
185, 592781437, 0.5935105, -0.018326761, -0.009746348, 0.8045585, -0.23221093, 0.025604744, 0.12561607, 0
187, 592814771, 0.59318984, -0.018283088, -0.00972372, 0.8047963, -0.23572825, 0.03576484, 0.14077187, 0
189, 592848105, 0.592897, -0.018211938, -0.009698719, 0.8050139, -0.24449812, 0.01884124, 0.122514725, 0
190, 592864772, 0.59274083, -0.01818979, -0.009683349, 0.8051296, -0.23975906, 0.023829652, 0.14466476, 0
192, 592898106, 0.5924556, -0.018140513, -0.009652389, 0.80534095, -0.22256513, 0.015621537, 0.11700249, 0
194, 592931440, 0.5921753, -0.018085118, -0.009628963, 0.80554867, -0.22920863, 0.011741457, 0.12771511, 0
196, 592964774, 0.5918832, -0.018010836, -0.009614139, 0.8057652, -0.24906398, 0.028040286, 0.14747047, 0
198, 592998108, 0.5916103, -0.017946785, -0.009581687, 0.8059673, -0.23503831, 0.037631366, 0.13654137, 0
199, 593014775, 0.59148616, -0.017922668, -0.009563068, 0.8060593, -0.20915967, 0.016798906, 0.12884331, 0
201, 593048109, 0.5912353, -0.017880151, -0.009522659, 0.80624473, -0.2339177, 0.01085205, 0.10974884, 0
205, 593114777, 0.59071106, -0.017757833, -0.0094462475, 0.80663246, -0.22717252, 0.034379665, 0.12314415, 0
207, 593148111, 0.5904447, -0.01767985, -0.009433942, 0.80682945, -0.21077965, 0.016912464, 0.1379509, 0
208, 593164778, 0.5903359, -0.017646141, -0.0094169, 0.8069099, -0.21969971, 0.025314951, 0.14009094, 0
210, 593198112, 0.5900846, -0.017583465, -0.00937675, 0.8070955, -0.23521224, 0.027478773, 0.108468056, 0
212, 593231446, 0.5898671, -0.017518919, -0.009329079, 0.8072565, -0.21548502, 0.007704813, 0.12584305, 0
214, 593264780, 0.58966154, -0.017436817, -0.009303622, 0.8074087, -0.19857948, 0.015667671, 0.111177444, 0
216, 593298114, 0.58944875, -0.01736651, -0.009248654, 0.80756617, -0.20573834, 0.03723755, 0.13984966, 0
217, 593314781, 0.5893243, -0.01733748, -0.009214341, 0.807658, -0.21927641, 0.0114026815, 0.13186169, 0
219, 593348115, 0.58912194, -0.017284224, -0.009164771, 0.80780745, -0.23270689, 0.015849542, 0.11926651, 0
221, 593381449, 0.58893836, -0.017211726, -0.009121421, 0.8079433, -0.21383119, 0.03248008, 0.1292696, 0
225, 593448117, 0.5885031, -0.017061098, -0.009021324, 0.8082647, -0.22663619, 0.022138748, 0.10646629, 0
226, 593464784, 0.5884057, -0.017021092, -0.009003715, 0.80833644, -0.20359223, 0.02404405, 0.14196205, 0
228, 593498118, 0.5882447, -0.016947245, -0.00895501, 0.80845594, -0.191549, 0.0029859096, 0.12378311, 0
230, 593531452, 0.5880578, -0.016874893, -0.008917484, 0.8085937, -0.20095913, 0.014760942, 0.12769222, 0
232, 593564786, 0.58786505, -0.016808456, -0.008863898, 0.80873585, -0.20928098, 0.0175206, 0.14143848, 0
234, 593598120, 0.58766156, -0.016737733, -0.008815327, 0.8088857, -0.1954903, 0.025156047, 0.12708855, 0
235, 593614787, 0.58759737, -0.016702972, -0.008793709, 0.80893326, -0.19789135, 0.021425616, 0.13263607, 0
237, 593648121, 0.5874296, -0.016639467, -0.008733669, 0.80905706, -0.19550996, 0.026739553, 0.111252785, 0
239, 593681455, 0.6005393, -0.0076213637, -0.0039047652, 0.79954934, -0.0062281867, -0.02434217, 0.1351738, 0
241, 593714789, 0.6004834, -0.0076190936, -0.003910973, 0.7995914, 0.002565129, -0.012642811, 0.12797546, 0
244, 593764790, 0.6004104, -0.0076211216, -0.003910407, 0.79964626, -0.012267889, -0.014116603, 0.13005829, 0
246, 593798124, 0.6003807, -0.007616931, -0.003911663, 0.79966843, -0.0078040874, -0.01354997, 0.119522095, 0
248, 593831458, 0.60035866, -0.007602906, -0.003901652, 0.7996853, 0.0024220545, -0.007563486, 0.13454437, 0
250, 593864792, 0.60033864, -0.007593516, -0.0038981119, 0.7997004, -0.004900223, -0.007531643, 0.14768696, 0
252, 593898126, 0.60033053, -0.0075908313, -0.0038937484, 0.79970646, -0.0018937956, -0.0112214675, 0.13433361, 0
253, 593914793, 0.60032123, -0.007601013, -0.0038901765, 0.7997134, -0.0033454704, -0.010055778, 0.12459469, 0
255, 593948127, 0.60032314, -0.0076023806, -0.003915802, 0.79971176, -0.00162569, -0.018507103, 0.11739063, 0
257, 593981461, 0.60032564, -0.0076072863, -0.0039040234, 0.7997099, 0.007305851, -0.022035453, 0.10539436, 0
259, 594014795, 0.6003255, -0.0075948853, -0.003901227, 0.7997103, 0.0014077231, -0.016898682, 0.14164066, 0
261, 594048129, 0.60032403, -0.007610272, -0.0039014905, 0.79971135, 0.005779051, -0.015683275, 0.10765934, 0
262, 594064796, 0.60032034, -0.007607356, -0.0038897863, 0.799714, 0.0072301063, -0.028047694, 0.11062908, 0
264, 594098130, 0.6003121, -0.007615312, -0.0038821136, 0.7997201, 0.0025250118, -0.011569586, 0.14012623, 0
266, 594131464, 0.60030556, -0.0076175053, -0.003891992, 0.79972494, -0.02589417, -0.021104153, 0.12860298, 0
268, 594164798, 0.6003103, -0.0076169735, -0.0038962122, 0.7997215, -0.003060432, -0.0091139395, 0.14639187, 0
270, 594198132, 0.60031134, -0.0076075853, -0.0038955237, 0.79972076, 0.0049449257, -0.010220148, 0.12373161, 0
271, 594214799, 0.6003034, -0.0076155183, -0.0039005403, 0.7997266, 0.016810453, -0.0037997307, 0.11217117, 0
273, 594248133, 0.6003027, -0.0076116202, -0.0038955396, 0.79972726, -0.008685584, -0.011942269, 0.12007332, 0
275, 594281467, 0.60030097, -0.007624573, -0.0038804368, 0.79972845, 0.002201187, -0.0053468873, 0.142169, 0
277, 594314801, 0.6009065, -0.0076217693, -0.0038769015, 0.7992736, 0.0134927295, 0.0058736796, 0.12821102, 0
280, 594364802, 0.60103315, -0.0076025305, -0.0038719303, 0.7991785, 0.0054643503, -0.021486502, 0.12590694, 0
282, 594398136, 0.601117, -0.007596407, -0.0038773294, 0.79911566, -0.0054180743, -0.009351737, 0.12608528, 0
284, 594431470, 0.60117126, -0.0075959926, -0.003869721, 0.7990747, 0.013759835, -0.004636165, 0.15512848, 0
286, 594464804, 0.6012219, -0.007601789, -0.0038745108, 0.79903656, 0.006347307, -0.01471236, 0.12176037, 0
288, 594498138, 0.6012732, -0.0075902143, -0.0038718528, 0.7989981, -0.006506366, -0.030679999, 0.11098957, 0
289, 594514805, 0.60130787, -0.00759637, -0.003867832, 0.79897195, -0.004813835, -0.016176987, 0.118741035, 0
291, 594548139, 0.6013594, -0.007603912, -0.0038584806, 0.7989331, 0.0013485777, -0.012924252, 0.12660408, 0
293, 594581473, 0.60141546, -0.0076118824, -0.0038539474, 0.7988909, -0.0039693387, -0.025646707, 0.13140965, 0
295, 594614807, 0.60146815, -0.0075987065, -0.0038686586, 0.7988513, 0.006871167, -0.01160218, 0.14846706, 0
297, 594648141, 0.6015252, -0.007594747, -0.0038586352, 0.79880834, 0.0015906509, 0.0037849648, 0.1259327, 0
300, 594698142, 0.60159475, -0.007576547, -0.0038691142, 0.7987562, 0.008328776, -0.013759821, 0.14008713, 0
302, 594731476, 0.6016459, -0.0075658523, -0.003867559, 0.7987178, 0.008438925, -0.011441691, 0.12529087, 0
304, 594764810, 0.60168713, -0.0075654425, -0.003881537, 0.7986867, -5.804981E-4, -0.009020794, 0.112911224, 0
306, 594798144, 0.60173136, -0.007569646, -0.0038832098, 0.79865324, 2.8523395E-4, -0.024988648, 0.1308403, 0
307, 594814811, 0.60175586, -0.007573866, -0.0038647293, 0.79863477, -2.577017E-4, -0.021808432, 0.135149, 0
309, 594848145, 0.60180396, -0.007583851, -0.0038593328, 0.7985986, -2.1645832E-5, -6.9060264E-4, 0.108597755, 0
311, 594881479, 0.6018554, -0.0075874655, -0.0038600483, 0.79855984, -2.8799643E-4, -0.0055288686, 0.13535595, 0
313, 594914813, 0.6019025, -0.007603283, -0.0038519409, 0.7985242, 0.012050512, -0.027351959, 0.13815975, 0
315, 594948147, 0.6019508, -0.007610433, -0.003835881, 0.7984878, -0.0019957088, -0.0036847403, 0.11855221, 0
316, 594964814, 0.60197324, -0.007603939, -0.0038407375, 0.7984709, -0.0031651163, -0.01716797, 0.122528076, 0
320, 595031482, 0.6020744, -0.007631711, -0.003835536, 0.7983944, -0.008273279, -0.017532172, 0.13709068, 0
322, 595064816, 0.6021021, -0.0076393285, -0.0038337978, 0.7983733, 8.347441E-4, -0.01404407, 0.09360695, 0
324, 595098150, 0.60215205, -0.0076256925, -0.0038381733, 0.7983358, -0.011501079, -0.008522297, 0.12256718, 0
325, 595114817, 0.602172, -0.007631262, -0.003829233, 0.7983207, 0.014112465, -0.011444897, 0.13416958, 0
327, 595148151, 0.602207, -0.0076358877, -0.0038184489, 0.79829425, 0.013824676, -0.0073826187, 0.13371658, 0
329, 595181485, 0.60225546, -0.007629254, -0.003813611, 0.7982578, 0.003833682, -0.010772983, 0.10411453, 0
331, 595214819, 0.6022929, -0.007626271, -0.003816582, 0.7982296, -5.118848E-4, -0.021904316, 0.11446953, 0
333, 595248153, 0.6023395, -0.0076059243, -0.003833995, 0.79819465, 0.0017208577, -0.004157009, 0.12721443, 0
334, 595264820, 0.60236067, -0.007605342, -0.0038294795, 0.7981787, 0.006910458, -0.00746498, 0.14207554, 0
336, 595298154, 0.6024001, -0.0076045888, -0.0038184102, 0.798149, 0.001902111, -0.01707364, 0.1438322, 0
340, 595364822, 0.6024796, -0.0075949603, -0.0038245588, 0.79808915, -0.011692501, -0.016149813, 0.13116264, 0
342, 595398156, 0.60252386, -0.007578167, -0.003821756, 0.7980557, 0.017076703, -0.0046345796, 0.13162804, 0
343, 595414823, 0.60254145, -0.0075668003, -0.0038171452, 0.79804265, -0.010135854, -0.009571167, 0.14217281, 0
345, 595448157, 0.6025825, -0.007555135, -0.0038060339, 0.79801166, -0.017435007, -0.02012942, 0.12908745, 0
347, 595481491, 0.6026241, -0.007569572, -0.003785809, 0.7979804, 0.0055040047, 5.8028504E-4, 0.1321907, 0
349, 595514825, 0.6026726, -0.007567444, -0.0037807436, 0.7979437, 0.012317261, -0.010900339, 0.122852325, 0
351, 595548159, 0.60270464, -0.0075610825, -0.0037864668, 0.7979195, 0.0033797987, -0.015160524, 0.12276459, 0
352, 595564826, 0.60272086, -0.007556585, -0.0037937413, 0.7979073, 4.076073E-4, -0.004087692, 0.1262865, 0
354, 595598160, 0.60276896, -0.007549322, -0.0038063817, 0.7978711, 0.006977505, -0.0037784725, 0.13251019, 0
356, 595631494, 0.6028121, -0.0075444123, -0.0038046658, 0.7978385, 0.01119681, -0.009205465, 0.13565445, 0
358, 595664828, 0.60285234, -0.007538453, -0.003804087, 0.79780805, 0.003751279, -0.009164132, 0.1352253, 0
360, 595698162, 0.6029678, -0.0077140825, -0.0037493715, 0.79771936, 1.4440858E-4, -0.014706964, 0.13471127, 0
361, 595714829, 0.60299367, -0.0077026975, -0.0037493166, 0.79770005, 0.005256878, -0.006334221, 0.12448406, 0
363, 595748163, 0.6030317, -0.0076935743, -0.0037433747, 0.7976714, -5.5146584E-4, -0.010063297, 0.11477375, 0
365, 595781497, 0.60309285, -0.0076976, -0.0037415905, 0.7976252, 0.007102552, -0.012691216, 0.12435055, 0
367, 595814831, 0.60313416, -0.0077098836, -0.0037436325, 0.79759383, 0.004846601, -0.0049632587, 0.1342678, 0
369, 595848165, 0.60317004, -0.0077114874, -0.0037456166, 0.79756665, 0.004362058, -0.005164913, 0.13541317, 0
370, 595864832, 0.6031929, -0.0077130753, -0.0037598335, 0.7975491, 7.7104464E-4, -0.0013008384, 0.11985493, 0
372, 595898166, 0.6032274, -0.0077083395, -0.0037540987, 0.7975232, 0.016268305, -0.0012541696, 0.12204838, 0
376, 595964834, 0.60329926, -0.007698592, -0.0037581054, 0.79746896, 0.01775111, -0.029270876, 0.124053, 0
378, 595998168, 0.6033344, -0.0076974924, -0.003758334, 0.7974424, -0.007320992, -0.005339728, 0.13185501, 0
379, 596014835, 0.60335636, -0.007700217, -0.0037663868, 0.7974255, 0.00494719, -0.010161675, 0.14881802, 0
381, 596048169, 0.60339856, -0.007699366, -0.0037705267, 0.7973937, -0.0035076675, 4.988425E-4, 0.13222504, 0
383, 596081503, 0.6034468, -0.007691603, -0.0037905956, 0.79735714, 0.009828449, -0.0018981628, 0.13489914, 0
385, 596114837, 0.6034875, -0.0076923054, -0.0037967404, 0.7973264, -0.007920566, -0.0022167317, 0.1265583, 0
387, 596148171, 0.60353446, -0.007698103, -0.003794755, 0.79729074, -0.0034617006, -0.0016143747, 0.1139164, 0
388, 596164838, 0.60355717, -0.007705991, -0.0037986897, 0.7972734, -0.012207866, -0.023358393, 0.1059351, 0
390, 596198172, 0.6036016, -0.0077127786, -0.0038055768, 0.7972397, -0.00986247, -0.011664824, 0.12567043, 0
392, 596231506, 0.60363597, -0.007724354, -0.0038036134, 0.7972136, 0.019676765, -0.007826851, 0.1212616, 0
396, 596298174, 0.6037124, -0.007726455, -0.0038050776, 0.79715574, -0.002284856, -0.006295637, 0.13414192, 0
397, 596314841, 0.6037322, -0.007728915, -0.0038169792, 0.79714066, -0.008883032, -0.025571276, 0.094815254, 0
399, 596348175, 0.60376686, -0.0077428557, -0.0038332709, 0.79711413, 0.0054466473, -0.019726807, 0.13147926, 0
401, 596381509, 0.60380477, -0.007739081, -0.003851964, 0.79708534, -0.0034469452, -0.00513814, 0.13354683, 0
403, 596414843, 0.6038386, -0.0077338144, -0.0038791478, 0.7970596, -0.006813618, -0.012529354, 0.14968109, 0
405, 596448177, 0.60387844, -0.0077342377, -0.0038850158, 0.79702944, 0.006314215, -0.01743422, 0.12587166, 0
406, 596464844, 0.60389864, -0.007748698, -0.00388259, 0.79701394, 0.019217657, -0.017617602, 0.13221836, 0
408, 596498178, 0.603949, -0.0077585685, -0.0038788102, 0.7969758, -0.0031927603, -0.02493185, 0.12241745, 0
410, 596531512, 0.603987, -0.007760501, -0.0038735638, 0.79694706, 0.0042179306, -0.016888088, 0.14820766, 0
412, 596564846, 0.6040234, -0.007752289, -0.003875516, 0.7969194, -0.006377333, -0.01918218, 0.12986088, 0
415, 596614847, 0.6040832, -0.007758618, -0.003879082, 0.79687417, 7.75782E-5, -0.0050004423, 0.13731098, 0
417, 596648181, 0.60413086, -0.0077563124, -0.003875266, 0.7968381, 0.0105508575, -0.003856227, 0.12636948, 0
419, 596681515, 0.60417116, -0.0077340486, -0.0038764146, 0.7968077, 0.007231603, -0.017585447, 0.12448406, 0
421, 596714849, 0.6042081, -0.0077346847, -0.0038789357, 0.79677963, 0.0056330957, -0.009596305, 0.12870502, 0
423, 596748183, 0.60424995, -0.0077294735, -0.0038605598, 0.79674816, -0.005135266, -0.016433256, 0.11667156, 0
424, 596764850, 0.60427165, -0.0077317045, -0.003866395, 0.7967315, 0.0021309254, -0.0053191297, 0.12628937, 0
426, 596798184, 0.60431963, -0.0077275415, -0.0038561518, 0.7966952, -8.090733E-4, -4.892559E-4, 0.11961174, 0
428, 596831518, 0.6043518, -0.0077304966, -0.0038696572, 0.7966708, -0.0012223434, -0.004122794, 0.12214661, 0
430, 596864852, 0.60439944, -0.007718444, -0.0038724155, 0.7966347, 0.012566194, -0.010134776, 0.12034607, 0
432, 596898186, 0.60443676, -0.007711179, -0.003867512, 0.7966065, 0.002639964, -0.005926907, 0.12415695, 0
435, 596948187, 0.604495, -0.007713703, -0.0038431517, 0.7965623, 0.01696414, -0.016704286, 0.12248516, 0
437, 596981521, 0.60452944, -0.0076982863, -0.0038435406, 0.7965363, 0.0072243875, -0.027513275, 0.12877941, 0
439, 597014855, 0.6045614, -0.007691576, -0.0038504305, 0.7965121, -0.0011242282, -0.0120975515, 0.14239216, 0
441, 597048189, 0.60460085, -0.00769789, -0.003849274, 0.7964822, -0.006582942, -0.0023365102, 0.13392735, 0
442, 597064856, 0.6046216, -0.007696197, -0.0038507753, 0.79646647, 0.006078461, -0.012671561, 0.11559391, 0
444, 597098190, 0.60465354, -0.0076957014, -0.003827653, 0.7964424, 0.009907043, -0.021687208, 0.13629627, 0
446, 597131524, 0.6047023, -0.0076979883, -0.0038250482, 0.7964053, 0.0049089068, 8.5877866E-5, 0.13177586, 0
448, 597164858, 0.60474515, -0.0076940753, -0.0038237832, 0.7963728, -0.0025515733, -0.009516521, 0.13705635, 0
450, 597198192, 0.6047922, -0.007710506, -0.003839297, 0.7963368, 0.009685496, -0.013314552, 0.12952805, 0
451, 597214859, 0.6048099, -0.0077288314, -0.0038335838, 0.7963233, -0.009775758, 0.0026831054, 0.11177063, 0
453, 597248193, 0.60485667, -0.0077422513, -0.0038336578, 0.79628754, 0.0050260047, -0.0021139123, 0.12043095, 0
455, 597281527, 0.60488135, -0.007758985, -0.0038448884, 0.79626864, -0.00394222, -0.0082929665, 0.121212006, 0
457, 597314861, 0.60490906, -0.007752217, -0.0038459196, 0.79624754, 0.0092182085, -0.014009725, 0.1265316, 0
459, 597348195, 0.60493463, -0.0077474834, -0.0038413105, 0.79622823, 4.0941636E-4, -0.011975203, 0.116874695, 0
460, 597364862, 0.6049535, -0.007760704, -0.0038290804, 0.7962138, -0.007543812, -0.0010061924, 0.13044357, 0
462, 597398196, 0.6049849, -0.0077734706, -0.003832524, 0.79618984, -0.0035593477, -0.01385955, 0.12497425, 0
464, 597431530, 0.6050207, -0.007789916, -0.0038348932, 0.7961624, -5.740581E-4, -0.017289458, 0.11550331, 0
466, 597464864, 0.60505414, -0.0077829314, -0.0038324622, 0.79613703, 0.012215873, 0.0016289206, 0.12519073, 0
468, 597498198, 0.6050889, -0.0077917916, -0.0038168773, 0.7961105, -0.00934112, -0.01265143, 0.14573956, 0
471, 597548199, 0.60515326, -0.007803342, -0.0038173585, 0.7960617, -0.003180254, -0.011843396, 0.14514923, 0
473, 597581533, 0.6051826, -0.007806697, -0.003817674, 0.7960393, 0.0051871073, -0.022932304, 0.13641167, 0
475, 597614867, 0.605213, -0.0078047984, -0.0038167497, 0.7960163, -0.01988421, -0.004755182, 0.11951733, 0
477, 597648201, 0.6052338, -0.007784564, -0.003832695, 0.7960004, -0.005162987, 0.006435406, 0.12109852, 0
478, 597664868, 0.6052533, -0.00778789, -0.0038239511, 0.7959856, 0.0015123847, 0.0042036083, 0.13675785, 0
480, 597698202, 0.60526884, -0.007838832, -0.003686634, 0.79597396, -0.014264225, 0.0036626265, 0.15440464, 0
482, 597731536, 0.6053061, -0.007864022, -0.0036643571, 0.79594547, -0.01151182, -0.039918516, 0.11625576, 0
484, 597764870, 0.60535026, -0.007851532, -0.003671509, 0.7959121, -0.012944889, -0.01710581, 0.118925095, 0
486, 597798204, 0.60538167, -0.007839019, -0.0036795035, 0.79588836, 0.010139831, 0.022764195, 0.124461174, 0
487, 597814871, 0.6053939, -0.007836019, -0.0036838008, 0.795879, 8.05876E-4, 0.017236792, 0.12846851, 0
491, 597881539, 0.6054522, -0.007859414, -0.0036631252, 0.7958345, 0.0075693466, -0.019004144, 0.15026474, 0
493, 597914873, 0.6054915, -0.007847649, -0.0036559417, 0.79580474, 0.014936637, 0.0028204785, 0.12232113, 0
495, 597948207, 0.60552907, -0.007848432, -0.0036837123, 0.795776, -0.009450753, -0.007843884, 0.11632538, 0
496, 597964874, 0.6055527, -0.007840567, -0.003682267, 0.7957581, 0.0016369285, 0.001755848, 0.16674423, 0
498, 597998208, 0.6055852, -0.007831421, -0.003683292, 0.7957334, -0.007325618, 0.011197067, 0.123104095, 0
500, 598031542, 0.60561436, -0.007829522, -0.0036885974, 0.7957112, 0.0083731795, -0.017125338, 0.110198975, 0
502, 598064876, 0.6056565, -0.007817413, -0.0036837852, 0.79567933, -0.00813146, -0.02810316, 0.11660671, 0
504, 598098210, 0.6056845, -0.0078059454, -0.0036990736, 0.7956582, -0.0191016, 0.004967673, 0.12717724, 0
505, 598114877, 0.60569596, -0.007810958, -0.0036989038, 0.7956493, -0.011473261, 0.0029011213, 0.14718819, 0
507, 598148211, 0.6057259, -0.007821029, -0.0036882358, 0.79562646, 0.007912991, -0.007692268, 0.122460365, 0
511, 598214879, 0.6057959, -0.007815853, -0.0036957692, 0.7955732, -0.0027938874, 0.0011226985, 0.13254547, 0
513, 598248213, 0.60582626, -0.007807414, -0.0036959525, 0.79555017, 0.0025575487, 0.010091914, 0.12690163, 0
514, 598264880, 0.6058506, -0.0078088506, -0.003689596, 0.79553163, -0.0018157547, -0.0029730925, 0.13117027, 0
516, 598298214, 0.6058775, -0.0078019453, -0.0036790646, 0.79551125, 0.015209819, -0.013566, 0.12742615, 0
518, 598331548, 0.60591424, -0.0077961893, -0.0036818231, 0.79548323, 7.2875E-4, -0.008587777, 0.13712597, 0
520, 598364882, 0.60594857, -0.0078059174, -0.0036784373, 0.795457, -0.01102521, -9.534853E-4, 0.13255215, 0
522, 598398216, 0.60598737, -0.0078006038, -0.003678562, 0.79542756, 3.557331E-4, -0.014699208, 0.13571548, 0
523, 598414883, 0.6060048, -0.0077988384, -0.0036738042, 0.7954144, -0.0021380552, -5.49091E-4, 0.12905693, 0
525, 598448217, 0.60602635, -0.007798386, -0.0036819887, 0.79539794, 0.0016491222, 7.51461E-4, 0.1369009, 0
527, 598481551, 0.6060598, -0.007806697, -0.0036975436, 0.79537225, 0.0061592, -0.022396602, 0.12887001, 0
531, 598548219, 0.60611, -0.007811859, -0.0036937136, 0.7953339, -0.009756508, -0.01631924, 0.10140705, 0
532, 598564886, 0.60612565, -0.00781692, -0.003691621, 0.7953219, -0.001987961, -0.0037941535, 0.12621689, 0
534, 598598220, 0.6061509, -0.0078126155, -0.0036895014, 0.7953028, -0.0010655089, -0.01944165, 0.12037563, 0
536, 598631554, 0.6061776, -0.0078079263, -0.0036946714, 0.7952824, 0.010383611, -0.010027556, 0.115712166, 0
538, 598664888, 0.60621053, -0.007805396, -0.003705212, 0.79525733, -0.011441166, -0.0041309106, 0.13455963, 0
540, 598698222, 0.6062525, -0.0077951844, -0.0037094476, 0.79522544, -0.002680762, 0.0047804113, 0.12636852, 0
541, 598714889, 0.6062703, -0.0078058844, -0.0037119656, 0.7952117, 0.0077266647, -0.020589385, 0.12273693, 0
543, 598748223, 0.60630167, -0.007799664, -0.0037182916, 0.7951878, 0.0037945097, -0.024149003, 0.12630367, 0
545, 598781557, 0.60633093, -0.007817135, -0.003727306, 0.79516524, 0.0025772022, -0.009341892, 0.13458824, 0
547, 598814891, 0.606367, -0.0077933995, -0.003715238, 0.7951382, 0.001650982, -0.016883306, 0.12999249, 0
549, 598848225, 0.6063908, -0.0077971644, -0.0037063952, 0.7951201, 0.0013615834, -0.0041162847, 0.13426113, 0
550, 598864892, 0.60640407, -0.007779946, -0.0036971243, 0.7951099, -7.3998504E-5, -0.014093183, 0.13502121, 0
552, 598898226, 0.606436, -0.007785972, -0.0036956703, 0.79508555, 0.0050394437, -0.0027598576, 0.13661003, 0
554, 598931560, 0.6064656, -0.0077861017, -0.0037016396, 0.7950631, -0.0018888259, -0.012526588, 0.13874245, 0
556, 598964894, 0.6065056, -0.0077957283, -0.003691808, 0.7950325, 0.014639468, 0.002637659, 0.12195778, 0
558, 598998228, 0.60653573, -0.007784522, -0.0037093214, 0.7950095, 0.004794915, -0.008108778, 0.10843754, 0
559, 599014895, 0.6065493, -0.007783638, -0.0037030973, 0.7949991, -9.584166E-5, -0.0124202585, 0.14680386, 0
561, 599048229, 0.60658264, -0.0077777095, -0.0036906623, 0.79497385, -0.006866065, -0.006151625, 0.14508915, 0
563, 599081563, 0.6066139, -0.0077825147, -0.0036917527, 0.7949498, 0.0058953604, -0.0034359214, 0.13719463, 0
567, 599148231, 0.6066598, -0.00777495, -0.0037036021, 0.7949149, -0.011699893, -0.008601987, 0.12615967, 0
568, 599164898, 0.60667455, -0.007766848, -0.003698356, 0.79490376, 0.003733639, -0.0046495446, 0.117191315, 0
570, 599198232, 0.60670006, -0.0077659925, -0.0036977683, 0.7948845, 0.011241165, 0.0014987033, 0.13014603, 0
572, 599231566, 0.6067262, -0.0077639213, -0.0037051672, 0.7948643, 6.337326E-4, -0.0071905865, 0.13114166, 0
574, 599264900, 0.6067528, -0.007774363, -0.003700861, 0.794844, 0.009651427, -0.0064982586, 0.12949944, 0
576, 599298234, 0.6067814, -0.007767398, -0.0037120716, 0.79482204, 0.004497512, -0.013279407, 0.13844776, 0
577, 599314901, 0.6068012, -0.007759744, -0.0037179464, 0.79480696, 0.0060394756, -0.022139, 0.110925674, 0
579, 599348235, 0.60682297, -0.0077591646, -0.0037157054, 0.7947905, 0.004887144, -0.008642537, 0.12077427, 0
581, 599381569, 0.6068509, -0.007751333, -0.0037116802, 0.7947693, -0.0042536766, -0.014995994, 0.115068436, 0
583, 599414903, 0.60686135, -0.007736727, -0.0037193603, 0.79476136, 0.002371289, -0.01058995, 0.13385105, 0
586, 599464904, 0.60689765, -0.0077377693, -0.003728347, 0.7947335, 0.020635448, -0.02434717, 0.14352894, 0
588, 599498238, 0.60691303, -0.00773775, -0.0037266193, 0.7947219, 0.0041559474, -6.2157906E-4, 0.12931538, 0
590, 599531572, 0.606953, -0.007725235, -0.0037445757, 0.7946914, 0.004756118, -0.017829334, 0.1294899, 0
592, 599564906, 0.60698026, -0.007724265, -0.003746091, 0.7946705, 0.025385225, -0.008062392, 0.11275387, 0
594, 599598240, 0.6069988, -0.007717787, -0.0037501939, 0.79465646, -0.004812843, -0.004743008, 0.11709881, 0
595, 599614907, 0.60702, -0.0077111446, -0.00375217, 0.79464036, 0.0052759936, -0.027741484, 0.1259718, 0
597, 599648241, 0.6070271, -0.0077026184, -0.003754346, 0.794635, 0.006645955, -0.014807094, 0.12780952, 0
599, 599681575, 0.6070231, -0.007856674, -0.0036612935, 0.794637, 0.004179792, -0.02000838, 0.12523746, 0
601, 599714909, 0.6070609, -0.0078547355, -0.0036554197, 0.79460824, -0.005307984, -0.0067214747, 0.14242744, 0
603, 599748243, 0.6070961, -0.007860348, -0.0036650952, 0.7945811, 0.0029269634, -0.0094152, 0.13297844, 0
606, 599798244, 0.6071331, -0.007860401, -0.0036677183, 0.79455286, 0.011084827, -0.030673815, 0.10900879, 0
608, 599831578, 0.6071582, -0.007858614, -0.0036558427, 0.79453385, -0.012284085, -0.012935033, 0.13849926, 0
610, 599864912, 0.6071838, -0.007855403, -0.0036633406, 0.7945141, -0.002887955, -0.0015272081, 0.14425564, 0
612, 599898246, 0.60720307, -0.007860354, -0.003667266, 0.7944994, 0.0037308782, -0.013900243, 0.12383366, 0
613, 599914913, 0.6072167, -0.0078608105, -0.003675595, 0.794489, 0.0068450877, -0.028679261, 0.12184048, 0
615, 599948247, 0.6072425, -0.007845466, -0.0036857803, 0.7944694, -1.6657652E-4, -0.009973924, 0.13520908, 0
617, 599981581, 0.607266, -0.007840232, -0.003684992, 0.7944513, 0.012294094, -5.166607E-4, 0.1340189, 0
619, 600014915, 0.607283, -0.007838026, -0.003675892, 0.79443854, 0.0046346616, -0.009225305, 0.13272, 0
621, 600048249, 0.6073141, -0.007837061, -0.0036805747, 0.79441476, 0.0039454787, -0.014979311, 0.12850952, 0
622, 600064916, 0.6073205, -0.007827529, -0.0036935864, 0.79440975, -0.005929294, 0.0103349425, 0.13548946, 0
626, 600131584, 0.60737747, -0.007831289, -0.0037132655, 0.79436606, -0.005165196, -0.0067398204, 0.1343298, 0
628, 600164918, 0.6073931, -0.0078403745, -0.0037124606, 0.79435414, 0.008664092, 0.0022756797, 0.1451168, 0
630, 600198252, 0.6074219, -0.007839918, -0.0037201657, 0.7943321, -0.010290284, -0.016885629, 0.1601162, 0
631, 600214919, 0.60743695, -0.007842112, -0.0037148376, 0.79432046, 0.005149866, -0.019149413, 0.13227177, 0
633, 600248253, 0.6074646, -0.007841301, -0.0037086864, 0.7942993, 0.012314855, -0.0056247907, 0.12607765, 0
635, 600281587, 0.6074939, -0.007838841, -0.0037122897, 0.7942771, 0.0059211412, -0.010127061, 0.1054163, 0
637, 600314921, 0.6075108, -0.007830309, -0.0037355765, 0.7942641, 0.0034671994, -0.017697025, 0.14613724, 0
639, 600348255, 0.60753804, -0.007819222, -0.003726911, 0.7942434, 7.7109004E-4, -0.002934313, 0.12072945, 0
640, 600364922, 0.60755, -0.0078110965, -0.003727943, 0.7942343, 0.0031467255, 0.0011195554, 0.122369766, 0
642, 600398256, 0.60758036, -0.0077931127, -0.0037292838, 0.79421127, 0.014771603, -0.020661715, 0.14217472, 0
644, 600431590, 0.6076143, -0.007794668, -0.0037302114, 0.7941854, 0.008545585, -0.01303164, 0.13491154, 0
646, 600464924, 0.60763943, -0.007795951, -0.0037182833, 0.7941661, 0.0035552983, -0.004787117, 0.12825584, 0
648, 600498258, 0.60766345, -0.0077904696, -0.0037253485, 0.79414785, -0.0074821487, 0.00838585, 0.12909222, 0
649, 600514925, 0.60768074, -0.0077881864, -0.0037349535, 0.7941345, -0.0048772865, -0.0065609505, 0.1306076, 0
651, 600548259, 0.60771966, -0.007773373, -0.0037321206, 0.7941049, 0.008332287, -0.007749809, 0.12632084, 0
653, 600581593, 0.60775256, -0.0077628284, -0.0037269408, 0.79407996, 0.004082223, -0.015289435, 0.13572979, 0
655, 600614927, 0.60778683, -0.0077484953, -0.0037372352, 0.7940536, 9.5362327E-4, -0.014529446, 0.109503746, 0
657, 600648261, 0.6078091, -0.007725727, -0.0037574566, 0.7940366, -0.004150908, -0.027947187, 0.13424206, 0
658, 600664928, 0.6078231, -0.007737604, -0.003762484, 0.79402584, 0.004092496, -0.0076059047, 0.1175375, 0
662, 600731596, 0.6078528, -0.0077373376, -0.0037664138, 0.7940031, 0.0051105223, -0.007137048, 0.15757751, 0
664, 600764930, 0.607872, -0.0077330065, -0.0037668555, 0.79398835, 0.0069008805, -0.004925199, 0.13394165, 0
666, 600798264, 0.60790044, -0.0077238097, -0.0037738055, 0.7939668, -0.015535986, -0.016174972, 0.1340599, 0
667, 600814931, 0.6079142, -0.007725581, -0.0037855983, 0.7939561, -2.9821866E-4, -0.020853497, 0.13748264, 0
669, 600848265, 0.60794157, -0.0077250744, -0.0038119399, 0.79393506, 0.006492498, 0.002456575, 0.1373291, 0
671, 600881599, 0.60796404, -0.007721013, -0.0038169073, 0.79391795, -0.005573978, -0.004417276, 0.14643192, 0
673, 600914933, 0.60799736, -0.0077190762, -0.003832031, 0.7938924, -0.0064429934, -0.025080211, 0.12203121, 0
675, 600948267, 0.60802734, -0.00773195, -0.0038422474, 0.7938691, 0.0025197575, -0.030667398, 0.12804794, 0
676, 600964934, 0.60804147, -0.0077343103, -0.0038378686, 0.79385823, 0.011465749, -0.00995174, 0.13289261, 0
678, 600998268, 0.60807014, -0.0077456357, -0.0038359293, 0.7938363, -4.749598E-4, 0.0026821624, 0.14497852, 0
682, 601064936, 0.6081195, -0.0077431737, -0.003858385, 0.79379845, -0.016610287, -0.012095784, 0.13877296, 0
684, 601098270, 0.6081499, -0.0077539086, -0.0038481543, 0.7937751, -0.0039704316, -0.016184272, 0.11920357, 0
685, 601114937, 0.60816264, -0.0077551897, -0.0038459536, 0.7937653, -0.0047053546, -0.024316303, 0.12374687, 0
687, 601148271, 0.6081991, -0.0077610007, -0.0038511732, 0.79373723, 0.0043696156, -0.0065728524, 0.13938618, 0
689, 601181605, 0.60822254, -0.0077718995, -0.003859412, 0.79371923, -0.0038579856, -0.0053143944, 0.11918259, 0
691, 601214939, 0.6082423, -0.007786397, -0.003860972, 0.7937038, -0.008989534, -0.012542192, 0.12797356, 0
693, 601248273, 0.6082796, -0.00777999, -0.0038654609, 0.79367536, -0.0056345784, -0.012187522, 0.10775566, 0
694, 601264940, 0.60829186, -0.0077779535, -0.0038656422, 0.79366595, -0.004105509, -0.016619047, 0.123885155, 0
696, 601298274, 0.6083106, -0.007789881, -0.0038662148, 0.7936515, -0.0070817354, -0.017571816, 0.1330967, 0
698, 601331608, 0.60833, -0.0077711553, -0.0038803413, 0.79363674, -0.0010963083, -0.0094413515, 0.1316576, 0
702, 601398276, 0.6083733, -0.00775629, -0.0038932667, 0.79360354, -0.0027317894, -0.0052728555, 0.12784958, 0
703, 601414943, 0.6083873, -0.0077578574, -0.0038870485, 0.79359275, -0.005987196, -0.016904145, 0.10482788, 0
705, 601448277, 0.6084101, -0.007759222, -0.0038997529, 0.7935754, 0.014373119, -0.028578032, 0.13441372, 0
707, 601481611, 0.6084224, -0.00776387, -0.003910625, 0.79356575, -0.01257786, -0.0055540805, 0.12302208, 0
709, 601514945, 0.6084395, -0.0077564493, -0.0039182366, 0.79355276, 0.0010127721, -0.008171857, 0.12585926, 0
711, 601548279, 0.6084571, -0.0077622985, -0.0039166436, 0.7935392, 0.0060143755, -0.014470487, 0.12795353, 0
712, 601564946, 0.6084657, -0.00776643, -0.0039119255, 0.7935326, -0.006033809, -0.013323467, 0.14308262, 0
714, 601598280, 0.6084832, -0.007762177, -0.00392194, 0.79351914, -0.0024761586, -0.018238803, 0.12589931, 0
716, 601631614, 0.608504, -0.0077542816, -0.003930852, 0.7935032, -0.008112732, -0.014733716, 0.122961044, 0
718, 601664948, 0.60852075, -0.007757224, -0.0039497465, 0.79349035, -0.001555809, -0.004512688, 0.1392231, 0
721, 601714949, 0.6085106, -0.007899863, -0.003570484, 0.7934984, -0.00857619, 5.057889E-4, 0.12896061, 0
723, 601748283, 0.6085301, -0.00789599, -0.0035746365, 0.79348344, -0.0072950367, -0.017145112, 0.1138649, 0
725, 601781617, 0.6085343, -0.00788231, -0.0035963352, 0.79348034, 0.0084913885, -0.022719935, 0.13801193, 0
727, 601814951, 0.60855025, -0.007869055, -0.003596147, 0.7934682, -0.0014918966, 0.006004578, 0.1357336, 0
729, 601848285, 0.6085822, -0.007866956, -0.003614442, 0.7934437, -3.0707187E-4, -0.0032903273, 0.14330292, 0
730, 601864952, 0.60859287, -0.0078756055, -0.0036207547, 0.7934354, -0.0063787946, 5.8210455E-4, 0.12273216, 0
732, 601898286, 0.6086207, -0.007874456, -0.0036122573, 0.793414, 0.0045694956, -0.0040321946, 0.14055061, 0
734, 601931620, 0.6086485, -0.007879822, -0.0036215319, 0.7933927, 0.014806148, -0.010615723, 0.13340187, 0
736, 601964954, 0.6086689, -0.007877556, -0.0036338307, 0.793377, 0.0046278723, -0.003866987, 0.13278675, 0
738, 601998288, 0.60869604, -0.007880166, -0.0036358137, 0.7933561, 0.00570136, -0.009833795, 0.13285828, 0
739, 602014955, 0.6087076, -0.007878198, -0.0036382463, 0.79334724, -0.0022482155, -0.01922069, 0.10603523, 0
741, 602048289, 0.608727, -0.007887903, -0.0036294556, 0.7933324, 0.017718839, -0.008730636, 0.13181305, 0
743, 602081623, 0.60875213, -0.007901139, -0.0036430403, 0.7933128, -0.009597238, -0.017296435, 0.13520527, 0
745, 602114957, 0.60877395, -0.007902507, -0.0036420394, 0.7932961, 9.38475E-5, -0.008412274, 0.12992954, 0
747, 602148291, 0.6087989, -0.007910022, -0.0036333303, 0.7932769, -0.0012944299, -0.010183079, 0.11180782, 0
748, 602164958, 0.60881007, -0.007921278, -0.00363949, 0.793268, 0.007048535, -0.015898619, 0.13036728, 0
750, 602198292, 0.6088203, -0.007919358, -0.0036416408, 0.7932603, 0.005997226, -0.005209207, 0.13594246, 0
752, 602231626, 0.60884047, -0.007917774, -0.003644982, 0.79324484, -0.012386347, -2.407514E-4, 0.13338661, 0
754, 602264960, 0.6088665, -0.007916494, -0.0036598158, 0.79322475, 0.0020784696, -0.0033781503, 0.11382675, 0
757, 602314961, 0.6088814, -0.00791998, -0.0036443274, 0.7932133, -0.004195036, -0.018384125, 0.13741875, 0
759, 602348295, 0.6088989, -0.007921431, -0.0036507542, 0.7931999, -0.01026701, -0.013165168, 0.11659336, 0
761, 602381629, 0.60891724, -0.007926932, -0.0036618758, 0.7931858, 8.4314327E-4, -0.0038029472, 0.12241459, 0
763, 602414963, 0.6089445, -0.007931837, -0.0036640244, 0.7931648, 0.011491195, -0.014688884, 0.10973263, 0
765, 602448297, 0.6089757, -0.007941127, -0.0036576486, 0.79314065, -0.012905486, -0.0145215, 0.14378929, 0
766, 602464964, 0.60898423, -0.007943678, -0.0036551233, 0.79313415, 0.0069912514, -0.017958693, 0.12935829, 0
768, 602498298, 0.60900503, -0.007947666, -0.0036580649, 0.7931181, -0.0027772863, 2.8638297E-4, 0.14549732, 0
770, 602531632, 0.6090276, -0.0079561155, -0.00366174, 0.79310066, -0.016435673, -0.00732043, 0.13222694, 0
772, 602564966, 0.6090476, -0.007947517, -0.0036613543, 0.79308546, -0.008506458, -0.007527808, 0.1355238, 0
774, 602598300, 0.6090739, -0.007953915, -0.0036566562, 0.7930652, 0.0030356604, -0.014422994, 0.12033081, 0
777, 602648301, 0.6090958, -0.007975108, -0.0036689502, 0.793048, 0.007521302, -0.009485851, 0.1395998, 0
779, 602681635, 0.60910934, -0.007967389, -0.0036880437, 0.79303765, -0.009614214, -0.009913302, 0.13221645, 0
781, 602714969, 0.60911924, -0.007944684, -0.0036907818, 0.7930303, -0.0017139899, -0.009376302, 0.12391472, 0
783, 602748303, 0.6091398, -0.007944824, -0.0037047935, 0.7930145, 0.0017155894, -0.010422116, 0.12340164, 0
784, 602764970, 0.6091468, -0.007944804, -0.003700123, 0.79300904, 0.0021448582, -0.019709881, 0.12433052, 0
786, 602798304, 0.60916054, -0.007954136, -0.0036842264, 0.79299843, -0.0029487296, -0.011496466, 0.11367893, 0
788, 602831638, 0.60916865, -0.007949781, -0.0036914574, 0.7929923, 0.0028306432, -0.015794951, 0.13481045, 0
790, 602864972, 0.60919243, -0.007937286, -0.0036958454, 0.79297405, 0.0044174925, -0.009845277, 0.12685394, 0
792, 602898306, 0.609206, -0.007921035, -0.0036847678, 0.79296386, -0.0015378582, -0.019661188, 0.13139153, 0
793, 602914973, 0.60921645, -0.007930726, -0.0036719923, 0.7929559, -0.013281026, -0.008484503, 0.120957375, 0
797, 602981641, 0.6092453, -0.007947912, -0.0036497407, 0.7929336, 0.0036292917, 9.904348E-4, 0.1389246, 0
799, 603014975, 0.6092625, -0.007951969, -0.0036509477, 0.7929203, 4.9715565E-4, -0.0048966906, 0.14178753, 0
801, 603048309, 0.6092803, -0.00797457, -0.0036589345, 0.7929064, -0.009400948, 0.002845306, 0.1436882, 0
802, 603064976, 0.609294, -0.00798625, -0.0036661867, 0.7928957, -0.007591925, -0.00921934, 0.12839317, 0
804, 603098310, 0.60931003, -0.007984821, -0.0036898304, 0.79288334, -0.010309797, -0.0012952401, 0.13593388, 0
806, 603131644, 0.60932094, -0.007992332, -0.0037095004, 0.7928749, -0.005766278, 0.010054196, 0.12810326, 0
808, 603164978, 0.60934234, -0.007995035, -0.0036974498, 0.79285836, -0.0054857344, -0.013254706, 0.14533901, 0
810, 603198312, 0.60937244, -0.007984205, -0.0037069847, 0.7928353, -0.016562136, -0.0075098854, 0.13440132, 0
811, 603214979, 0.60938054, -0.0079879435, -0.003708316, 0.79282904, -0.012581823, -0.013814351, 0.1318922, 0
813, 603248313, 0.60939705, -0.007994687, -0.0037043355, 0.7928164, -0.0013965195, -0.004200594, 0.13616943, 0
817, 603314981, 0.60942847, -0.008004089, -0.0037115782, 0.79279196, 0.0061752335, -0.0040088133, 0.13083076, 0
819, 603348315, 0.6094488, -0.0079872385, -0.0037166218, 0.79277647, -0.013339858, -0.017965857, 0.118741035, 0
820, 603364982, 0.60945636, -0.00798801, -0.0037186886, 0.7927706, -0.008183602, -0.022875158, 0.15172672, 0
822, 603398316, 0.60947645, -0.007982814, -0.0037246463, 0.7927552, -0.011452329, 3.407001E-4, 0.12291622, 0
824, 603431650, 0.60950655, -0.008011422, -0.0037326955, 0.7927319, -0.0076332344, -0.0015422883, 0.13218403, 0
826, 603464984, 0.60952395, -0.0080143595, -0.0037224055, 0.7927184, -0.010531605, -0.014606833, 0.15016842, 0
828, 603498318, 0.6095482, -0.0080152955, -0.0037191832, 0.79269975, -0.021223199, -0.006762098, 0.11913586, 0
829, 603514985, 0.60956174, -0.008029297, -0.003710843, 0.79268926, -0.007674981, -0.012255844, 0.12569809, 0
831, 603548319, 0.6095863, -0.008024434, -0.00370049, 0.7926704, -0.0021762932, -0.006104897, 0.11031723, 0
833, 603581653, 0.60960627, -0.00802002, -0.0037270577, 0.79265505, 0.0059395004, -0.008106036, 0.13812256, 0
835, 603614987, 0.6096209, -0.008023854, -0.0037211536, 0.7926438, 0.0016536117, -0.0043894593, 0.121154785, 0
837, 603648321, 0.60964334, -0.008029045, -0.003715275, 0.7926265, -0.004362961, -0.003119916, 0.13231373, 0
838, 603664988, 0.6096496, -0.0080259815, -0.0037126106, 0.7926218, -0.008223254, -0.008425513, 0.13018894, 0
840, 603698322, 0.6096512, -0.007944121, -0.003591751, 0.79262185, -0.0026796688, 0.004015651, 0.14218712, 0
842, 603731656, 0.60966754, -0.007945243, -0.0035916448, 0.7926093, -0.008301163, -0.012042424, 0.12916088, 0
844, 603764990, 0.6096905, -0.007941509, -0.0035898008, 0.7925917, -0.010432383, -0.0023623991, 0.13146305, 0
846, 603798324, 0.6097029, -0.007956845, -0.0035822236, 0.79258204, 0.00945049, -0.015396714, 0.13559532, 0
847, 603814991, 0.60969985, -0.007957557, -0.00357541, 0.79258436, 0.0069991406, -0.015649972, 0.11326885, 0
849, 603848325, 0.6097072, -0.007971462, -0.0035798, 0.7925785, -0.01899309, -0.017556436, 0.14792824, 0
853, 603914993, 0.6097456, -0.007990254, -0.0035804815, 0.79254884, -0.0070978547, -9.160888E-5, 0.15727425, 0
855, 603948327, 0.6097684, -0.007983479, -0.0035827507, 0.79253143, 1.5358832E-4, 0.008166444, 0.12495804, 0
856, 603964994, 0.60977066, -0.007981827, -0.00358672, 0.79252976, 0.018756242, -0.001830641, 0.11977482, 0
858, 603998328, 0.60978425, -0.007999868, -0.0035825593, 0.792519, 0.0059955446, 0.0049642785, 0.1312151, 0
860, 604031662, 0.60979074, -0.0079903165, -0.0035782822, 0.7925141, 0.011218563, -0.019364826, 0.12298775, 0
862, 604064996, 0.6098064, -0.007979497, -0.0035779576, 0.7925022, 0.015602951, -0.0059296903, 0.13432407, 0
864, 604098330, 0.6098245, -0.007987295, -0.0035800827, 0.79248816, -0.0021170203, -0.014658619, 0.13058186, 0
865, 604114997, 0.6098394, -0.00799117, -0.0035781201, 0.79247665, 0.004745793, 0.0056253355, 0.13978195, 0
867, 604148331, 0.6098638, -0.008003713, -0.003577733, 0.7924577, 0.015449865, -0.009018849, 0.14000893, 0
869, 604181665, 0.60986984, -0.007999539, -0.0035881656, 0.79245305, -0.017510634, -0.012603986, 0.14761448, 0
873, 604248333, 0.60990536, -0.007982872, -0.003581395, 0.79242593, 0.006411113, -0.0038594366, 0.15153694, 0
874, 604265000, 0.60991365, -0.007988434, -0.0035861505, 0.79241955, 0.0019447425, 0.0026010377, 0.12972164, 0
876, 604298334, 0.6099242, -0.007992776, -0.0035897756, 0.7924114, -0.009911226, -0.010741596, 0.13868523, 0
878, 604331668, 0.6099544, -0.007966047, -0.0036049979, 0.7923884, -2.3150528E-4, 0.0024273542, 0.11786461, 0
880, 604365002, 0.60997057, -0.007970011, -0.003600855, 0.7923758, -0.010835334, -0.01931278, 0.12089062, 0
882, 604398336, 0.60999256, -0.007980744, -0.0035900301, 0.79235893, -0.003521019, -0.009710838, 0.12857056, 0
883, 604415003, 0.61000717, -0.007983153, -0.0035911626, 0.79234767, -0.00854877, -0.0027279058, 0.13929749, 0
885, 604448337, 0.6100111, -0.007978089, -0.0035996025, 0.79234457, 1.3739761E-4, 4.7753192E-4, 0.1394434, 0
887, 604481671, 0.61001384, -0.007973608, -0.003604199, 0.7923425, -0.0044128406, 4.337199E-5, 0.11903286, 0
889, 604515005, 0.61003274, -0.0079727955, -0.003617859, 0.7923279, -0.004482486, 0.0072467127, 0.13292217, 0
892, 604565006, 0.61005676, -0.007962476, -0.003611577, 0.7923095, -0.0089871, 0.0027818072, 0.12193775, 0
894, 604598340, 0.61006683, -0.007963471, -0.0036012162, 0.7923018, -0.0062271375, -0.02490683, 0.12717533, 0
896, 604631674, 0.6100786, -0.007959108, -0.0036199086, 0.79229265, -0.0064104004, 0.0065696393, 0.12888432, 0
898, 604665008, 0.6100945, -0.007970805, -0.0036262267, 0.7922803, -0.0068845656, -0.004447272, 0.11013603, 0
900, 604698342, 0.61010814, -0.007971867, -0.003631835, 0.7922698, 4.590048E-4, -0.0041604387, 0.13839626, 0
901, 604715009, 0.61011624, -0.007956461, -0.003645045, 0.79226375, 0.002316085, -0.010038997, 0.1267767, 0
903, 604748343, 0.6101379, -0.007951501, -0.0036374168, 0.79224706, 0.002947385, -0.012652514, 0.1438036, 0
905, 604781677, 0.6101535, -0.007940055, -0.0036325129, 0.79223514, -0.0068638, -0.0049810526, 0.118787766, 0
907, 604815011, 0.6101754, -0.007936206, -0.0036418736, 0.7922183, -0.0044606673, -0.0070006913, 0.12729931, 0
909, 604848345, 0.6101894, -0.00792633, -0.0036451053, 0.79220766, 0.0017705491, 0.0016674381, 0.15005398, 0
912, 604898346, 0.6102102, -0.0079169925, -0.0036431008, 0.7921915, -0.011761561, -0.02758394, 0.1257, 0
914, 604931680, 0.6102193, -0.007927722, -0.003662632, 0.79218435, -0.0018124281, -0.008334644, 0.11858463, 0
916, 604965014, 0.610237, -0.007917911, -0.0036649616, 0.7921709, -0.017593656, -5.716623E-4, 0.15136433, 0
918, 604998348, 0.6102611, -0.007908851, -0.0036548153, 0.79215235, 6.505659E-4, -0.010617529, 0.1248312, 0
919, 605015015, 0.6102733, -0.00790375, -0.0036550916, 0.79214317, -0.003718496, -0.020174168, 0.1421833, 0
921, 605048349, 0.61028504, -0.00790384, -0.0036596449, 0.79213405, 0.008384465, -0.0044707865, 0.14372826, 0
923, 605081683, 0.6102992, -0.0078957975, -0.0036493223, 0.7921233, 0.0077210856, -0.013123566, 0.13783836, 0
925, 605115017, 0.6103014, -0.007888494, -0.0036431758, 0.79212177, 0.0058223624, -0.012343779, 0.14100742, 0
927, 605148351, 0.6103186, -0.007898959, -0.0036317415, 0.79210836, -0.014327284, -9.808412E-4, 0.14319515, 0
928, 605165018, 0.61032397, -0.007903567, -0.0036265322, 0.7921042, 0.002044791, -0.012190515, 0.114216805, 0
930, 605198352, 0.6103566, -0.007907262, -0.0036254888, 0.792079, -0.0010944434, -0.013189371, 0.15330887, 0
932, 605231686, 0.61036885, -0.007901927, -0.0036321026, 0.79206955, -0.0019128745, -0.010452025, 0.14061165, 0
934, 605265020, 0.61038077, -0.007906984, -0.0036216073, 0.79206026, 0.004557092, -0.006136297, 0.13390255, 0
936, 605298354, 0.6103925, -0.007893598, -0.003624815, 0.79205155, -0.0034675382, -0.005146721, 0.15034199, 0
937, 605315021, 0.61039895, -0.007903932, -0.00362775, 0.79204637, -0.010559341, -0.021143362, 0.10574055, 0
939, 605348355, 0.6104142, -0.007890094, -0.0036423253, 0.7920347, -0.021112204, -0.0026252575, 0.14035225, 0
941, 605381689, 0.6104268, -0.007898518, -0.0036434482, 0.7920249, 0.0026307683, -0.007850582, 0.13207722, 0
943, 605415023, 0.610429, -0.007889693, -0.0036462029, 0.7920233, -0.003609584, -0.015605482, 0.11672974, 0
945, 605448357, 0.61044645, -0.0078860875, -0.0036440275, 0.79200995, 0.013572974, -0.018331248, 0.12050915, 0
948, 605498358, 0.61048377, -0.00788557, -0.003629611, 0.7919812, 0.0048393053, -0.0013670402, 0.13059807, 0
950, 605531692, 0.61050045, -0.00787471, -0.0036320712, 0.79196846, -0.0019891204, 0.0060438216, 0.1146822, 0
952, 605565026, 0.61051196, -0.007867297, -0.0036430922, 0.79195964, 0.0073436527, -0.011403949, 0.13171768, 0
954, 605598360, 0.61051387, -0.007858137, -0.0036592674, 0.7919582, 0.005899497, -0.0073161693, 0.11602497, 0
955, 605615027, 0.61052, -0.007851921, -0.0036495635, 0.7919536, 0.0022627874, 0.0060276696, 0.123215675, 0
957, 605648361, 0.6105182, -0.007850047, -0.003653546, 0.79195493, 0.0070945527, -0.0062486576, 0.120326996, 0
959, 605681695, 0.6105383, -0.007941522, -0.0035851016, 0.7919388, 0.01040639, -0.008806145, 0.12239647, 0
961, 605715029, 0.6105506, -0.007963674, -0.0035765972, 0.7919292, 0.0079124, -0.009382871, 0.13251686, 0
963, 605748363, 0.61056376, -0.007966975, -0.0035754065, 0.791919, -0.0029820418, -0.013181201, 0.1315527, 0
964, 605765030, 0.6105684, -0.00796662, -0.0035818468, 0.7919154, -0.0042751916, -0.007120599, 0.15220737, 0
968, 605831698, 0.61060894, -0.007987325, -0.0035841037, 0.7918839, -0.00552059, 0.00685861, 0.12461758, 0
970, 605865032, 0.6106264, -0.007985839, -0.0035734528, 0.7918705, -1.6246074E-4, -0.009858252, 0.11822605, 0
972, 605898366, 0.61063844, -0.00799578, -0.0035824839, 0.7918611, 0.0027663202, -0.0138725275, 0.12467766, 0
973, 605915033, 0.6106381, -0.007997135, -0.0035785413, 0.79186136, -0.0070152893, -0.013034937, 0.12497234, 0
975, 605948367, 0.6106501, -0.0079883225, -0.0035715448, 0.7918522, 0.008414783, -0.012971054, 0.12540817, 0
977, 605981701, 0.6106674, -0.007999477, -0.0035649878, 0.7918388, -0.014115704, -0.014867862, 0.11960983, 0
979, 606015035, 0.61067283, -0.007993055, -0.003561857, 0.7918347, 0.0036994957, 0.0021811826, 0.13871384, 0
981, 606048369, 0.61067873, -0.007986196, -0.0035572087, 0.79183024, 0.01086358, -0.0016281487, 0.13096714, 0
982, 606065036, 0.610685, -0.007981209, -0.0035525179, 0.7918255, 0.0063785585, -0.00873848, 0.1301403, 0
984, 606098370, 0.6106987, -0.007992877, -0.0035412498, 0.7918148, -0.01865526, 0.0074179163, 0.13159561, 0
988, 606165038, 0.6107402, -0.007990898, -0.0035587628, 0.7917828, 0.004425141, -8.3190476E-4, 0.1360817, 0
990, 606198372, 0.61075664, -0.007980461, -0.0035647107, 0.79177016, 0.008418486, -0.007658043, 0.13231564, 0
991, 606215039, 0.61075765, -0.007963643, -0.0035578802, 0.79176956, -0.011569991, 0.0071691223, 0.102235794, 0
993, 606248373, 0.61076903, -0.007958808, -0.003543799, 0.79176086, -0.00576676, -0.007357027, 0.14596462, 0
995, 606281707, 0.6107792, -0.00793926, -0.0035474433, 0.79175323, -0.013579907, 0.010688404, 0.14111519, 0
997, 606315041, 0.61079293, -0.007927767, -0.003543462, 0.79174286, 0.003421973, -0.02105519, 0.15164661, 0
999, 606348375, 0.6108082, -0.007930709, -0.0035327855, 0.79173106, -0.010255913, -0.02971674, 0.10927677, 0
1000, 606365042, 0.6108097, -0.0079337, -0.0035271824, 0.79172987, 0.007102515, -0.03187893, 0.1429348, 0
1002, 606398376, 0.61082333, -0.007940523, -0.003522115, 0.79171926, 0.017576667, 0.010883174, 0.15193558, 0
1004, 606431710, 0.61084425, -0.00793948, -0.0035140137, 0.7917032, -0.0043547675, -0.012229068, 0.12774754, 0
1008, 606498378, 0.6108758, -0.007930814, -0.0035369073, 0.79167885, 0.0058138655, -0.014663843, 0.12726879, 0
1009, 606515045, 0.6108845, -0.007945892, -0.0035321005, 0.791672, 0.008310872, -0.01962085, 0.15294075, 0
1011, 606548379, 0.61089694, -0.007937335, -0.0035367247, 0.7916626, 0.007891144, -0.018817646, 0.1396141, 0
1013, 606581713, 0.61091185, -0.007937699, -0.003550836, 0.791651, -3.9309816E-4, -0.0068246047, 0.13750935, 0
1015, 606615047, 0.61092526, -0.0079532545, -0.0035514878, 0.79164046, 0.009991564, 0.0026087104, 0.11899853, 0
1017, 606648381, 0.61093664, -0.007954039, -0.0035453262, 0.79163176, 0.0073525896, -0.018366003, 0.12842464, 0
1018, 606665048, 0.61095047, -0.007949837, -0.003549986, 0.79162097, 0.0037231182, -0.016985385, 0.10770416, 0
1020, 606698382, 0.6109673, -0.007937808, -0.0035684726, 0.79160804, -0.015256912, 0.003820402, 0.13955021, 0
1022, 606731716, 0.6109793, -0.007934059, -0.00356659, 0.79159874, 0.009329756, -0.0013844044, 0.13701153, 0
1024, 606765050, 0.6109851, -0.007947406, -0.0035638085, 0.79159427, 0.001403092, -0.015922958, 0.11155987, 0
1026, 606798384, 0.61098504, -0.007960406, -0.0035755534, 0.791594, 0.0025233233, -0.012596244, 0.12630463, 0
1027, 606815051, 0.6109982, -0.007957164, -0.0035822045, 0.79158396, -0.004438929, -0.009176248, 0.12699318, 0
1029, 606848385, 0.61101294, -0.007958682, -0.0035935023, 0.7915726, 0.0048107584, 0.014276094, 0.12913418, 0
1031, 606881719, 0.6110268, -0.007961314, -0.003592745, 0.79156184, 0.0019587977, -0.006833762, 0.112080574, 0
1033, 606915053, 0.6110447, -0.007967996, -0.0035904956, 0.79154783, 0.0022473058, -0.0066334177, 0.13546371, 0
1035, 606948387, 0.6110624, -0.007956848, -0.003599162, 0.79153425, 0.0023260855, 0.0066364347, 0.11876583, 0
1036, 606965054, 0.6110634, -0.007951897, -0.0036049034, 0.7915335, 0.014349317, -0.01098971, 0.14604282, 0
1038, 606998388, 0.611087, -0.007925964, -0.0036058521, 0.7915155, 7.012422E-4, -0.008203271, 0.12970638, 0
1040, 607031722, 0.61109316, -0.007921356, -0.0036023557, 0.79151094, -0.0044760564, 6.5081037E-4, 0.13470554, 0
1044, 607098390, 0.6111272, -0.007932906, -0.0035688067, 0.79148465, 0.010672434, -0.009206994, 0.11853409, 0
1045, 607115057, 0.6111445, -0.007924674, -0.003563584, 0.7914714, 0.0038360062, -0.0057741427, 0.124492645, 0
1047, 607148391, 0.6111562, -0.007929567, -0.0035690095, 0.7914623, -0.007891155, -0.0057657682, 0.13927269, 0
1049, 607181725, 0.6111652, -0.00792889, -0.003570212, 0.79145527, 0.0036027844, -0.014664294, 0.15072155, 0
1051, 607215059, 0.61118096, -0.0079307435, -0.0035666847, 0.7914432, 0.0047803833, -0.017715812, 0.1069231, 0
1053, 607248393, 0.6112086, -0.007918528, -0.0035531272, 0.7914219, 0.007612282, -0.007470683, 0.11846542, 0
1054, 607265060, 0.6112133, -0.007924704, -0.0035504608, 0.7914182, -0.0021827577, -0.0038029926, 0.15157604, 0
1056, 607298394, 0.61122495, -0.007920192, -0.0035497716, 0.79140943, -0.0071527706, 0.001199594, 0.12983418, 0
1058, 607331728, 0.61122876, -0.0079260515, -0.0035482466, 0.7914064, 0.010036201, -0.030242853, 0.13269234, 0
1060, 607365062, 0.6112408, -0.007928639, -0.003531912, 0.7913972, 0.005375565, -0.0094955675, 0.1256485, 0
1063, 607415063, 0.61127514, -0.007919045, -0.0035289943, 0.79137075, -0.0050947056, -0.009596724, 0.12716007, 0
1065, 607448397, 0.61128056, -0.007903174, -0.0035341342, 0.79136664, 0.0061214804, -0.003180673, 0.15819359, 0
1067, 607481731, 0.61128795, -0.007896062, -0.003546055, 0.791361, 0.008981915, -0.0034259052, 0.139431, 0
1069, 607515065, 0.61129284, -0.007888775, -0.0035282508, 0.7913574, -3.9785307E-5, -0.012048518, 0.11559963, 0
1071, 607548399, 0.6112969, -0.007896235, -0.0035324912, 0.79135406, -0.00167319, 0.0011003019, 0.12691975, 0
1072, 607565066, 0.6112993, -0.0079012625, -0.003529512, 0.79135215, 0.012868624, -0.0069519477, 0.10954094, 0
1074, 607598400, 0.6113094, -0.007891918, -0.003540609, 0.79134446, 0.012561838, 0.008573901, 0.11981106, 0
1076, 607631734, 0.61132336, -0.007893611, -0.003541998, 0.7913336, 1.9606801E-4, -0.0040774317, 0.13241196, 0
