<?xml version="1.0" encoding="UTF-8"?>
<OpenSimDocument Version="30000">
	<ForceSet name="reserves_isb_so">
		<defaults>
			<CoordinateActuator name="default">
				<!--Flag indicating whether the force is disabled or not. Disabled means that the force is not active in subsequent dynamics realizations.-->
				<isDisabled>false</isDisabled>
				<!--Minimum allowed value for control signal. Used primarily when solving for control values.-->
				<min_control>-infinity</min_control>
				<!--Maximum allowed value for control signal. Used primarily when solving for control values.-->
				<max_control>infinity</max_control>
				<!--Name of the generalized coordinate to which the actuator applies.-->
				<coordinate/>
				<!--The maximum generalized force produced by this actuator.-->
				<optimal_force>1000</optimal_force>
			</CoordinateActuator>
		</defaults>
		<objects>
			<PointActuator name="FX">
				<!--Flag indicating whether the force is disabled or not. Disabled means that the force is not active in subsequent dynamics realizations.-->
				<isDisabled>false</isDisabled>
				<!--Minimum allowed value for control signal. Used primarily when solving for control values.-->
				<min_control>-infinity</min_control>
				<!--Maximum allowed value for control signal. Used primarily when solving for control values.-->
				<max_control>infinity</max_control>
				<!--Name of Body to which this actuator is applied.-->
				<body>pelvis</body>
				<!--Location of application point; in body frame unless point_is_global=true-->
				<point>0 -0.0846633 0</point>
				<!--Interpret point in Ground frame if true; otherwise, body frame.-->
				<point_is_global>false</point_is_global>
				<!--Force application direction; in body frame unless force_is_global=true.-->
				<direction>1 0 0</direction>
				<!--Interpret direction in Ground frame if true; otherwise, body frame.-->
				<force_is_global>true</force_is_global>
				<!--The maximum force produced by this actuator when fully activated.-->
				<optimal_force>4</optimal_force>
			</PointActuator>
			<PointActuator name="FY">
				<!--Flag indicating whether the force is disabled or not. Disabled means that the force is not active in subsequent dynamics realizations.-->
				<isDisabled>false</isDisabled>
				<!--Minimum allowed value for control signal. Used primarily when solving for control values.-->
				<min_control>-infinity</min_control>
				<!--Maximum allowed value for control signal. Used primarily when solving for control values.-->
				<max_control>infinity</max_control>
				<!--Name of Body to which this actuator is applied.-->
				<body>pelvis</body>
				<!--Location of application point; in body frame unless point_is_global=true-->
				<point>0 -0.0846633 0</point>
				<!--Interpret point in Ground frame if true; otherwise, body frame.-->
				<point_is_global>false</point_is_global>
				<!--Force application direction; in body frame unless force_is_global=true.-->
				<direction>0 1 0</direction>
				<!--Interpret direction in Ground frame if true; otherwise, body frame.-->
				<force_is_global>true</force_is_global>
				<!--The maximum force produced by this actuator when fully activated.-->
				<optimal_force>8</optimal_force>
			</PointActuator>
			<PointActuator name="FZ">
				<!--Flag indicating whether the force is disabled or not. Disabled means that the force is not active in subsequent dynamics realizations.-->
				<isDisabled>false</isDisabled>
				<!--Minimum allowed value for control signal. Used primarily when solving for control values.-->
				<min_control>-infinity</min_control>
				<!--Maximum allowed value for control signal. Used primarily when solving for control values.-->
				<max_control>infinity</max_control>
				<!--Name of Body to which this actuator is applied.-->
				<body>pelvis</body>
				<!--Location of application point; in body frame unless point_is_global=true-->
				<point>0 -0.0846633 0</point>
				<!--Interpret point in Ground frame if true; otherwise, body frame.-->
				<point_is_global>false</point_is_global>
				<!--Force application direction; in body frame unless force_is_global=true.-->
				<direction>0 0 1</direction>
				<!--Interpret direction in Ground frame if true; otherwise, body frame.-->
				<force_is_global>true</force_is_global>
				<!--The maximum force produced by this actuator when fully activated.-->
				<optimal_force>4</optimal_force>
			</PointActuator>
			<TorqueActuator name="MX">
				<!--Flag indicating whether the force is disabled or not. Disabled means that the force is not active in subsequent dynamics realizations.-->
				<isDisabled>false</isDisabled>
				<!--Minimum allowed value for control signal. Used primarily when solving for control values.-->
				<min_control>-infinity</min_control>
				<!--Maximum allowed value for control signal. Used primarily when solving for control values.-->
				<max_control>infinity</max_control>
				<!--Name of Body to which the torque actuator is applied.-->
				<bodyA>pelvis</bodyA>
				<!--Name of Body to which the equal and opposite torque is applied.-->
				<bodyB>ground</bodyB>
				<!--Interpret axis in Ground frame if true; otherwise, body A's frame.-->
				<torque_is_global>true</torque_is_global>
				<!--Fixed direction about which torque is applied, in Ground or body A frame depending on 'torque_is_global' property.-->
				<axis>1 0 0</axis>
				<!--The maximum torque produced by this actuator when fully activated.-->
				<optimal_force>2</optimal_force>
			</TorqueActuator>
			<TorqueActuator name="MY">
				<!--Flag indicating whether the force is disabled or not. Disabled means that the force is not active in subsequent dynamics realizations.-->
				<isDisabled>false</isDisabled>
				<!--Minimum allowed value for control signal. Used primarily when solving for control values.-->
				<min_control>-infinity</min_control>
				<!--Maximum allowed value for control signal. Used primarily when solving for control values.-->
				<max_control>infinity</max_control>
				<!--Name of Body to which the torque actuator is applied.-->
				<bodyA>pelvis</bodyA>
				<!--Name of Body to which the equal and opposite torque is applied.-->
				<bodyB>ground</bodyB>
				<!--Interpret axis in Ground frame if true; otherwise, body A's frame.-->
				<torque_is_global>true</torque_is_global>
				<!--Fixed direction about which torque is applied, in Ground or body A frame depending on 'torque_is_global' property.-->
				<axis>0 1 0</axis>
				<!--The maximum torque produced by this actuator when fully activated.-->
				<optimal_force>2</optimal_force>
			</TorqueActuator>
			<TorqueActuator name="MZ">
				<!--Flag indicating whether the force is disabled or not. Disabled means that the force is not active in subsequent dynamics realizations.-->
				<isDisabled>false</isDisabled>
				<!--Minimum allowed value for control signal. Used primarily when solving for control values.-->
				<min_control>-infinity</min_control>
				<!--Maximum allowed value for control signal. Used primarily when solving for control values.-->
				<max_control>infinity</max_control>
				<!--Name of Body to which the torque actuator is applied.-->
				<bodyA>pelvis</bodyA>
				<!--Name of Body to which the equal and opposite torque is applied.-->
				<bodyB>ground</bodyB>
				<!--Interpret axis in Ground frame if true; otherwise, body A's frame.-->
				<torque_is_global>true</torque_is_global>
				<!--Fixed direction about which torque is applied, in Ground or body A frame depending on 'torque_is_global' property.-->
				<axis>0 0 1</axis>
				<!--The maximum torque produced by this actuator when fully activated.-->
				<optimal_force>2</optimal_force>
			</TorqueActuator>
			<!-- Reserve Motors to assist muscles -->
			<CoordinateActuator name="hip_flexion_r_reserve">
				<!--Flag indicating whether the force is disabled or not. Disabled means that the force is not active in subsequent dynamics realizations.-->
				<isDisabled>false</isDisabled>
				<!--Minimum allowed value for control signal. Used primarily when solving for control values.-->
				<min_control>-infinity</min_control>
				<!--Maximum allowed value for control signal. Used primarily when solving for control values.-->
				<max_control>infinity</max_control>
				<!--Name of the generalized coordinate to which the actuator applies.-->
				<coordinate>hip_flexion_r</coordinate>
				<!--The maximum generalized force produced by this actuator.-->
				<optimal_force>1</optimal_force>
			</CoordinateActuator>
			<CoordinateActuator name="hip_adduction_r_reserve">
				<!--Flag indicating whether the force is disabled or not. Disabled means that the force is not active in subsequent dynamics realizations.-->
				<isDisabled>false</isDisabled>
				<!--Minimum allowed value for control signal. Used primarily when solving for control values.-->
				<min_control>-infinity</min_control>
				<!--Maximum allowed value for control signal. Used primarily when solving for control values.-->
				<max_control>infinity</max_control>
				<!--Name of the generalized coordinate to which the actuator applies.-->
				<coordinate>hip_adduction_r</coordinate>
				<!--The maximum generalized force produced by this actuator.-->
				<optimal_force>1</optimal_force>
			</CoordinateActuator>
			<CoordinateActuator name="hip_rotation_r_reserve">
				<!--Flag indicating whether the force is disabled or not. Disabled means that the force is not active in subsequent dynamics realizations.-->
				<isDisabled>false</isDisabled>
				<!--Minimum allowed value for control signal. Used primarily when solving for control values.-->
				<min_control>-infinity</min_control>
				<!--Maximum allowed value for control signal. Used primarily when solving for control values.-->
				<max_control>infinity</max_control>
				<!--Name of the generalized coordinate to which the actuator applies.-->
				<coordinate>hip_rotation_r</coordinate>
				<!--The maximum generalized force produced by this actuator.-->
				<optimal_force>1</optimal_force>
			</CoordinateActuator>
			<CoordinateActuator name="knee_flexion_r_reserve">
				<!--Flag indicating whether the force is disabled or not. Disabled means that the force is not active in subsequent dynamics realizations.-->
				<isDisabled>false</isDisabled>
				<!--Minimum allowed value for control signal. Used primarily when solving for control values.-->
				<min_control>-infinity</min_control>
				<!--Maximum allowed value for control signal. Used primarily when solving for control values.-->
				<max_control>infinity</max_control>
				<!--Name of the generalized coordinate to which the actuator applies.-->
				<coordinate>knee_flexion_r</coordinate>
				<!--The maximum generalized force produced by this actuator.-->
				<optimal_force>1</optimal_force>
			</CoordinateActuator>
			<CoordinateActuator name="ankle_flexion_r_reserve">
				<!--Flag indicating whether the force is disabled or not. Disabled means that the force is not active in subsequent dynamics realizations.-->
				<isDisabled>false</isDisabled>
				<!--Minimum allowed value for control signal. Used primarily when solving for control values.-->
				<min_control>-infinity</min_control>
				<!--Maximum allowed value for control signal. Used primarily when solving for control values.-->
				<max_control>infinity</max_control>
				<!--Name of the generalized coordinate to which the actuator applies.-->
				<coordinate>ankle_flexion_r</coordinate>
				<!--The maximum generalized force produced by this actuator.-->
				<optimal_force>1</optimal_force>
			</CoordinateActuator>
			<CoordinateActuator name="subtalar_angle_r_reserve">
				<!--Flag indicating whether the force is disabled or not. Disabled means that the force is not active in subsequent dynamics realizations.-->
				<isDisabled>false</isDisabled>
				<!--Minimum allowed value for control signal. Used primarily when solving for control values.-->
				<min_control>-infinity</min_control>
				<!--Maximum allowed value for control signal. Used primarily when solving for control values.-->
				<max_control>infinity</max_control>
				<!--Name of the generalized coordinate to which the actuator applies.-->
				<coordinate>subtalar_angle_r</coordinate>
				<!--The maximum generalized force produced by this actuator.-->
				<optimal_force>1</optimal_force>
			</CoordinateActuator>
			<CoordinateActuator name="mtp_angle_r_reserve">
				<!--Flag indicating whether the force is disabled or not. Disabled means that the force is not active in subsequent dynamics realizations.-->
				<isDisabled>false</isDisabled>
				<!--Minimum allowed value for control signal. Used primarily when solving for control values.-->
				<min_control>-infinity</min_control>
				<!--Maximum allowed value for control signal. Used primarily when solving for control values.-->
				<max_control>infinity</max_control>
				<!--Name of the generalized coordinate to which the actuator applies.-->
				<coordinate>mtp_angle_r</coordinate>
				<!--The maximum generalized force produced by this actuator.-->
				<optimal_force>1</optimal_force>
			</CoordinateActuator>
			<CoordinateActuator name="hip_flexion_l_reserve">
				<!--Flag indicating whether the force is disabled or not. Disabled means that the force is not active in subsequent dynamics realizations.-->
				<isDisabled>false</isDisabled>
				<!--Minimum allowed value for control signal. Used primarily when solving for control values.-->
				<min_control>-infinity</min_control>
				<!--Maximum allowed value for control signal. Used primarily when solving for control values.-->
				<max_control>infinity</max_control>
				<!--Name of the generalized coordinate to which the actuator applies.-->
				<coordinate>hip_flexion_l</coordinate>
				<!--The maximum generalized force produced by this actuator.-->
				<optimal_force>1</optimal_force>
			</CoordinateActuator>
			<CoordinateActuator name="hip_adduction_l_reserve">
				<!--Flag indicating whether the force is disabled or not. Disabled means that the force is not active in subsequent dynamics realizations.-->
				<isDisabled>false</isDisabled>
				<!--Minimum allowed value for control signal. Used primarily when solving for control values.-->
				<min_control>-infinity</min_control>
				<!--Maximum allowed value for control signal. Used primarily when solving for control values.-->
				<max_control>infinity</max_control>
				<!--Name of the generalized coordinate to which the actuator applies.-->
				<coordinate>hip_adduction_l</coordinate>
				<!--The maximum generalized force produced by this actuator.-->
				<optimal_force>1</optimal_force>
			</CoordinateActuator>
			<CoordinateActuator name="hip_rotation_l_reserve">
				<!--Flag indicating whether the force is disabled or not. Disabled means that the force is not active in subsequent dynamics realizations.-->
				<isDisabled>false</isDisabled>
				<!--Minimum allowed value for control signal. Used primarily when solving for control values.-->
				<min_control>-infinity</min_control>
				<!--Maximum allowed value for control signal. Used primarily when solving for control values.-->
				<max_control>infinity</max_control>
				<!--Name of the generalized coordinate to which the actuator applies.-->
				<coordinate>hip_rotation_l</coordinate>
				<!--The maximum generalized force produced by this actuator.-->
				<optimal_force>1</optimal_force>
			</CoordinateActuator>
			<CoordinateActuator name="knee_flexion_l_reserve">
				<!--Flag indicating whether the force is disabled or not. Disabled means that the force is not active in subsequent dynamics realizations.-->
				<isDisabled>false</isDisabled>
				<!--Minimum allowed value for control signal. Used primarily when solving for control values.-->
				<min_control>-infinity</min_control>
				<!--Maximum allowed value for control signal. Used primarily when solving for control values.-->
				<max_control>infinity</max_control>
				<!--Name of the generalized coordinate to which the actuator applies.-->
				<coordinate>knee_flexion_l</coordinate>
				<!--The maximum generalized force produced by this actuator.-->
				<optimal_force>1</optimal_force>
			</CoordinateActuator>
			<CoordinateActuator name="ankle_flexion_l_reserve">
				<!--Flag indicating whether the force is disabled or not. Disabled means that the force is not active in subsequent dynamics realizations.-->
				<isDisabled>false</isDisabled>
				<!--Minimum allowed value for control signal. Used primarily when solving for control values.-->
				<min_control>-infinity</min_control>
				<!--Maximum allowed value for control signal. Used primarily when solving for control values.-->
				<max_control>infinity</max_control>
				<!--Name of the generalized coordinate to which the actuator applies.-->
				<coordinate>ankle_flexion_l</coordinate>
				<!--The maximum generalized force produced by this actuator.-->
				<optimal_force>1</optimal_force>
			</CoordinateActuator>
			<CoordinateActuator name="subtalar_angle_l_reserve">
				<!--Flag indicating whether the force is disabled or not. Disabled means that the force is not active in subsequent dynamics realizations.-->
				<isDisabled>false</isDisabled>
				<!--Minimum allowed value for control signal. Used primarily when solving for control values.-->
				<min_control>-infinity</min_control>
				<!--Maximum allowed value for control signal. Used primarily when solving for control values.-->
				<max_control>infinity</max_control>
				<!--Name of the generalized coordinate to which the actuator applies.-->
				<coordinate>subtalar_angle_l</coordinate>
				<!--The maximum generalized force produced by this actuator.-->
				<optimal_force>1</optimal_force>
			</CoordinateActuator>
			<CoordinateActuator name="mtp_angle_l_reserve">
				<!--Flag indicating whether the force is disabled or not. Disabled means that the force is not active in subsequent dynamics realizations.-->
				<isDisabled>false</isDisabled>
				<!--Minimum allowed value for control signal. Used primarily when solving for control values.-->
				<min_control>-infinity</min_control>
				<!--Maximum allowed value for control signal. Used primarily when solving for control values.-->
				<max_control>infinity</max_control>
				<!--Name of the generalized coordinate to which the actuator applies.-->
				<coordinate>mtp_angle_l</coordinate>
				<!--The maximum generalized force produced by this actuator.-->
				<optimal_force>1</optimal_force>
			</CoordinateActuator>
			<CoordinateActuator name="lumbar_extension_reserve">
				<!--Flag indicating whether the force is disabled or not. Disabled means that the force is not active in subsequent dynamics realizations.-->
				<isDisabled>false</isDisabled>
				<!--Minimum allowed value for control signal. Used primarily when solving for control values.-->
				<min_control>-infinity</min_control>
				<!--Maximum allowed value for control signal. Used primarily when solving for control values.-->
				<max_control>infinity</max_control>
				<!--Name of the generalized coordinate to which the actuator applies.-->
				<coordinate>lumbar_extension</coordinate>
				<!--The maximum generalized force produced by this actuator.-->
				<optimal_force>10</optimal_force>
			</CoordinateActuator>
			<CoordinateActuator name="lumbar_bending_reserve">
				<!--Flag indicating whether the force is disabled or not. Disabled means that the force is not active in subsequent dynamics realizations.-->
				<isDisabled>false</isDisabled>
				<!--Minimum allowed value for control signal. Used primarily when solving for control values.-->
				<min_control>-infinity</min_control>
				<!--Maximum allowed value for control signal. Used primarily when solving for control values.-->
				<max_control>infinity</max_control>
				<!--Name of the generalized coordinate to which the actuator applies.-->
				<coordinate>lumbar_bending</coordinate>
				<!--The maximum generalized force produced by this actuator.-->
				<optimal_force>10</optimal_force>
			</CoordinateActuator>
			<CoordinateActuator name="lumbar_rotation_reserve">
				<!--Flag indicating whether the force is disabled or not. Disabled means that the force is not active in subsequent dynamics realizations.-->
				<isDisabled>false</isDisabled>
				<!--Minimum allowed value for control signal. Used primarily when solving for control values.-->
				<min_control>-infinity</min_control>
				<!--Maximum allowed value for control signal. Used primarily when solving for control values.-->
				<max_control>infinity</max_control>
				<!--Name of the generalized coordinate to which the actuator applies.-->
				<coordinate>lumbar_rotation</coordinate>
				<!--The maximum generalized force produced by this actuator.-->
				<optimal_force>10</optimal_force>
			</CoordinateActuator>
			<CoordinateActuator name="arm_flex_r_reserve">
				<!--Flag indicating whether the force is disabled or not. Disabled means that the force is not active in subsequent dynamics realizations.-->
				<isDisabled>false</isDisabled>
				<!--Minimum allowed value for control signal. Used primarily when solving for control values.-->
				<min_control>-infinity</min_control>
				<!--Maximum allowed value for control signal. Used primarily when solving for control values.-->
				<max_control>infinity</max_control>
				<!--Name of the generalized coordinate to which the actuator applies.-->
				<coordinate>arm_flex_r</coordinate>
				<!--The maximum generalized force produced by this actuator.-->
				<optimal_force>1</optimal_force>
			</CoordinateActuator>
			<CoordinateActuator name="arm_add_r_reserve">
				<!--Flag indicating whether the force is disabled or not. Disabled means that the force is not active in subsequent dynamics realizations.-->
				<isDisabled>false</isDisabled>
				<!--Minimum allowed value for control signal. Used primarily when solving for control values.-->
				<min_control>-infinity</min_control>
				<!--Maximum allowed value for control signal. Used primarily when solving for control values.-->
				<max_control>infinity</max_control>
				<!--Name of the generalized coordinate to which the actuator applies.-->
				<coordinate>arm_add_r</coordinate>
				<!--The maximum generalized force produced by this actuator.-->
				<optimal_force>1</optimal_force>
			</CoordinateActuator>
			<CoordinateActuator name="arm_rot_r_reserve">
				<!--Flag indicating whether the force is disabled or not. Disabled means that the force is not active in subsequent dynamics realizations.-->
				<isDisabled>false</isDisabled>
				<!--Minimum allowed value for control signal. Used primarily when solving for control values.-->
				<min_control>-infinity</min_control>
				<!--Maximum allowed value for control signal. Used primarily when solving for control values.-->
				<max_control>infinity</max_control>
				<!--Name of the generalized coordinate to which the actuator applies.-->
				<coordinate>arm_rot_r</coordinate>
				<!--The maximum generalized force produced by this actuator.-->
				<optimal_force>1</optimal_force>
			</CoordinateActuator>
			<CoordinateActuator name="elbow_flex_r_reserve">
				<!--Flag indicating whether the force is disabled or not. Disabled means that the force is not active in subsequent dynamics realizations.-->
				<isDisabled>false</isDisabled>
				<!--Minimum allowed value for control signal. Used primarily when solving for control values.-->
				<min_control>-infinity</min_control>
				<!--Maximum allowed value for control signal. Used primarily when solving for control values.-->
				<max_control>infinity</max_control>
				<!--Name of the generalized coordinate to which the actuator applies.-->
				<coordinate>elbow_flex_r</coordinate>
				<!--The maximum generalized force produced by this actuator.-->
				<optimal_force>1</optimal_force>
			</CoordinateActuator>
			<CoordinateActuator name="pro_sup_r_reserve">
				<!--Flag indicating whether the force is disabled or not. Disabled means that the force is not active in subsequent dynamics realizations.-->
				<isDisabled>false</isDisabled>
				<!--Minimum allowed value for control signal. Used primarily when solving for control values.-->
				<min_control>-infinity</min_control>
				<!--Maximum allowed value for control signal. Used primarily when solving for control values.-->
				<max_control>infinity</max_control>
				<!--Name of the generalized coordinate to which the actuator applies.-->
				<coordinate>pro_sup_r</coordinate>
				<!--The maximum generalized force produced by this actuator.-->
				<optimal_force>1</optimal_force>
			</CoordinateActuator>
			<CoordinateActuator name="wrist_flex_r_reserve">
				<!--Flag indicating whether the force is disabled or not. Disabled means that the force is not active in subsequent dynamics realizations.-->
				<isDisabled>false</isDisabled>
				<!--Minimum allowed value for control signal. Used primarily when solving for control values.-->
				<min_control>-infinity</min_control>
				<!--Maximum allowed value for control signal. Used primarily when solving for control values.-->
				<max_control>infinity</max_control>
				<!--Name of the generalized coordinate to which the actuator applies.-->
				<coordinate>wrist_flex_r</coordinate>
				<!--The maximum generalized force produced by this actuator.-->
				<optimal_force>1</optimal_force>
			</CoordinateActuator>
			<CoordinateActuator name="wrist_dev_r_reserve">
				<!--Flag indicating whether the force is disabled or not. Disabled means that the force is not active in subsequent dynamics realizations.-->
				<isDisabled>false</isDisabled>
				<!--Minimum allowed value for control signal. Used primarily when solving for control values.-->
				<min_control>-infinity</min_control>
				<!--Maximum allowed value for control signal. Used primarily when solving for control values.-->
				<max_control>infinity</max_control>
				<!--Name of the generalized coordinate to which the actuator applies.-->
				<coordinate>wrist_dev_r</coordinate>
				<!--The maximum generalized force produced by this actuator.-->
				<optimal_force>1</optimal_force>
			</CoordinateActuator>
			<CoordinateActuator name="arm_flex_l_reserve">
				<!--Flag indicating whether the force is disabled or not. Disabled means that the force is not active in subsequent dynamics realizations.-->
				<isDisabled>false</isDisabled>
				<!--Minimum allowed value for control signal. Used primarily when solving for control values.-->
				<min_control>-infinity</min_control>
				<!--Maximum allowed value for control signal. Used primarily when solving for control values.-->
				<max_control>infinity</max_control>
				<!--Name of the generalized coordinate to which the actuator applies.-->
				<coordinate>arm_flex_l</coordinate>
				<!--The maximum generalized force produced by this actuator.-->
				<optimal_force>1</optimal_force>
			</CoordinateActuator>
			<CoordinateActuator name="arm_add_l_reserve">
				<!--Flag indicating whether the force is disabled or not. Disabled means that the force is not active in subsequent dynamics realizations.-->
				<isDisabled>false</isDisabled>
				<!--Minimum allowed value for control signal. Used primarily when solving for control values.-->
				<min_control>-infinity</min_control>
				<!--Maximum allowed value for control signal. Used primarily when solving for control values.-->
				<max_control>infinity</max_control>
				<!--Name of the generalized coordinate to which the actuator applies.-->
				<coordinate>arm_add_l</coordinate>
				<!--The maximum generalized force produced by this actuator.-->
				<optimal_force>1</optimal_force>
			</CoordinateActuator>
			<CoordinateActuator name="arm_rot_l_reserve">
				<!--Flag indicating whether the force is disabled or not. Disabled means that the force is not active in subsequent dynamics realizations.-->
				<isDisabled>false</isDisabled>
				<!--Minimum allowed value for control signal. Used primarily when solving for control values.-->
				<min_control>-infinity</min_control>
				<!--Maximum allowed value for control signal. Used primarily when solving for control values.-->
				<max_control>infinity</max_control>
				<!--Name of the generalized coordinate to which the actuator applies.-->
				<coordinate>arm_rot_l</coordinate>
				<!--The maximum generalized force produced by this actuator.-->
				<optimal_force>1</optimal_force>
			</CoordinateActuator>
			<CoordinateActuator name="elbow_flex_l_reserve">
				<!--Flag indicating whether the force is disabled or not. Disabled means that the force is not active in subsequent dynamics realizations.-->
				<isDisabled>false</isDisabled>
				<!--Minimum allowed value for control signal. Used primarily when solving for control values.-->
				<min_control>-infinity</min_control>
				<!--Maximum allowed value for control signal. Used primarily when solving for control values.-->
				<max_control>infinity</max_control>
				<!--Name of the generalized coordinate to which the actuator applies.-->
				<coordinate>elbow_flex_l</coordinate>
				<!--The maximum generalized force produced by this actuator.-->
				<optimal_force>1</optimal_force>
			</CoordinateActuator>
			<CoordinateActuator name="pro_sup_l_reserve">
				<!--Flag indicating whether the force is disabled or not. Disabled means that the force is not active in subsequent dynamics realizations.-->
				<isDisabled>false</isDisabled>
				<!--Minimum allowed value for control signal. Used primarily when solving for control values.-->
				<min_control>-infinity</min_control>
				<!--Maximum allowed value for control signal. Used primarily when solving for control values.-->
				<max_control>infinity</max_control>
				<!--Name of the generalized coordinate to which the actuator applies.-->
				<coordinate>pro_sup_l</coordinate>
				<!--The maximum generalized force produced by this actuator.-->
				<optimal_force>1</optimal_force>
			</CoordinateActuator>
			<CoordinateActuator name="wrist_flex_l_reserve">
				<!--Flag indicating whether the force is disabled or not. Disabled means that the force is not active in subsequent dynamics realizations.-->
				<isDisabled>false</isDisabled>
				<!--Minimum allowed value for control signal. Used primarily when solving for control values.-->
				<min_control>-infinity</min_control>
				<!--Maximum allowed value for control signal. Used primarily when solving for control values.-->
				<max_control>infinity</max_control>
				<!--Name of the generalized coordinate to which the actuator applies.-->
				<coordinate>wrist_flex_l</coordinate>
				<!--The maximum generalized force produced by this actuator.-->
				<optimal_force>1</optimal_force>
			</CoordinateActuator>
			<CoordinateActuator name="wrist_dev_l_reserve">
				<!--Flag indicating whether the force is disabled or not. Disabled means that the force is not active in subsequent dynamics realizations.-->
				<isDisabled>false</isDisabled>
				<!--Minimum allowed value for control signal. Used primarily when solving for control values.-->
				<min_control>-infinity</min_control>
				<!--Maximum allowed value for control signal. Used primarily when solving for control values.-->
				<max_control>infinity</max_control>
				<!--Name of the generalized coordinate to which the actuator applies.-->
				<coordinate>wrist_dev_l</coordinate>
				<!--The maximum generalized force produced by this actuator.-->
				<optimal_force>1</optimal_force>
			</CoordinateActuator>
		</objects>
		<groups/>
	</ForceSet>
</OpenSimDocument>
