"sep=,",,,,,,,,,
"DeviceTag:,Xsens_2,,,,,,,,,,,,,,,,,",,,,,,,,,
"FirmwareVersion:,2.2.1,,,,,,,,,,,,,,,,,",,,,,,,,,
"AppVersion:,2023.0.0,,,,,,,,,,,,,,,,,",,,,,,,,,
"SyncStatus:,Un-synced,,,,,,,,,,,,,,,,,",,,,,,,,,
"OutputRate:,60Hz,,,,,,,,,,,,,,,,,",,,,,,,,,
"FilterProfile:,General,,,,,,,,,,,,,,,,,",,,,,,,,,
"Measurement Mode:,Sensor fusion Mode - Extended (Quaternion),,,,,,,,,,,,,,,,,",,,,,,,,,
"StartTime:,2023-07-11 15:23:06.899 +0200,,,,,,,,,,,,,,,,,",,,,,,,,,
"Â© Movella Technologies B. V. 2005-2023,,,,,,,,,,,,,,,,,,,",,,,,,,,,
PacketCounter,SampleTimeFine,Quat_W,Quat_X,Quat_Y,Quat_Z,FreeAcc_X,FreeAcc_Y,FreeAcc_Z,Status
1,37668746,0,5.82440639324565e-18,0.707106781186548,0.707106781186548,-0.0077590845,0.23929214,-0.020930117,0
2,37685413,4.23677388981633e-05,-0.000173843776287836,0.70712954780361,0.707083991196505,-0.0017038053997584,0.243997872283405,-0.00101413555925932,0
3,37702080,4.92038704045746e-06,-0.000266499428395833,0.707231640493394,0.70698184958234,-0.00698870572127357,0.21429884791308,0.00568442537827143,0
4,37718747,5.15046436491737e-05,-0.000385587969728068,0.707391800221811,0.706821540169889,-0.00309823234131514,0.236366944890977,-0.0126674760429889,0
5,37735414,0.000110312911086914,-0.000537837304853922,0.707541793483191,0.706671287825312,-0.0250333787388608,0.234423830812208,-0.0249535479035405,0
6,37752081,0.000147716595230349,-0.000637977161603232,0.707650190741948,0.706562650235514,-0.0230548612440766,0.247202918294281,-0.00806407202384996,0
7,37768748,0.00018601994740788,-0.000745619186510926,0.707773691456747,0.70643882334587,-0.0162087876344838,0.249329008203587,-0.0217237527539865,0
8,37785415,0.000239702871564354,-0.000862755135888126,0.707899361412883,0.706312743979139,-0.0236566618253962,0.25763580438993,-0.0164835495020887,0
9,37802082,0.000293494899526991,-0.000988567762400704,0.708028255571442,0.706183351479616,-0.0167409271250888,0.224956864240729,-0.0154227213667185,0
10,37818749,0.000327287122536542,-0.00110890641599121,0.708164135562372,0.70604689668102,-0.00369394022844929,0.271400706431388,-0.0253127256674501,0
11,37835416,0.000359984479504572,-0.00124688547846843,0.708303162433459,0.705907179290973,-0.0221758139105986,0.243566392216764,-0.0301062833673495,0
12,37852083,0.000393702405890107,-0.00137384146548021,0.708441449075346,0.705768142374015,-0.0355928121888357,0.265302052489997,-0.0376771332488721,0
13,37868750,0.000425001488159539,-0.00150159003408621,0.708578926001757,0.705629839382732,-0.0332809822829948,0.249646155384357,-0.0408820079134666,0
14,37885417,0.000463101838522931,-0.00164690108668557,0.708709772846805,0.705498073083782,-0.0414517966836074,0.247056795623414,-0.0450611870127403,0
15,37902084,0.000499794654216631,-0.0017547054376398,0.708839050625409,0.705367897995507,-0.034098734417836,0.238013387028583,-0.0389907114030554,0
16,37918751,0.000544493803550256,-0.00188834504408143,0.708973292737702,0.705232591323,-0.027516165571495,0.250410058604662,-0.0464172025320702,0
17,37935418,0.000579662916245921,-0.0020081303847255,0.709099973165986,0.705104857066847,-0.0367832892532823,0.265759432934073,-0.0441523341263476,0
18,37952085,0.000617390845550576,-0.00214224259677197,0.709228727204624,0.704974923052522,-0.0379862840761984,0.265848412495701,-0.0496665805956942,0
19,37968752,0.000645587124285093,-0.00227646475462396,0.70936240458256,0.704839967574438,-0.0460852702060317,0.250177100472049,-0.0506746650622313,0
20,37985419,0.000685169710097192,-0.00239901610639422,0.709494904227908,0.704706148787438,-0.0359065562097551,0.249853933629287,-0.0531264916467995,0
21,38002086,0.000716565993661033,-0.00252446235122726,0.709638621795669,0.704560955545336,-0.0363988426550695,0.236862251812572,-0.0536822090113822,0
22,38018753,0.000739985339666883,-0.00265548044273679,0.709767871262436,0.704430244785746,-0.0525716512147501,0.230764000422067,-0.0563621941009639,0
23,38035420,0.000783187808150743,-0.00278252481782314,0.709902673746382,0.704293857690263,-0.060749364513411,0.242770310268499,-0.0633541265462144,0
24,38052087,0.000827519896959973,-0.00291318097138077,0.71003431203429,0.704160567144626,-0.0566796725228072,0.252589688267714,-0.0600775744661388,0
25,38068754,0.000860143626378253,-0.0030526095467675,0.710173765255696,0.70401929296749,-0.0635242080514576,0.253814480225645,-0.0660890890977156,0
26,38085421,0.0008969401934643,-0.00319675636090853,0.710307876054157,0.703883298184074,-0.0550207693413957,0.240251088451671,-0.0747995165367997,0
27,38102088,0.000930512140377837,-0.00331549383221193,0.710437368713237,0.70375200659296,-0.0682621440019456,0.256887133648857,-0.0655739030712569,0
28,38118755,0.000963885329721142,-0.0034473401646985,0.710569014891325,0.703618406415887,-0.0647566535076473,0.246381574867506,-0.0772961804082392,0
29,38135422,0.000996819205434299,-0.00357234542377876,0.710702241223713,0.703483168966562,-0.0709919432436375,0.27103603658396,-0.0833661414246692,0
30,38152089,0.00103281829819553,-0.00370349178175221,0.710840266335526,0.703342969817019,-0.0735429873898562,0.251518019298133,-0.070480298029863,0
31,38168756,0.00107312883243706,-0.00382512092313362,0.710970546840161,0.703210564745891,-0.063246118008372,0.224502115618743,-0.0895063707206516,0
32,38185423,0.00111754765159792,-0.0039492599738811,0.711108139272017,0.703070671194578,-0.094258784828861,0.256672694331077,-0.089532950448172,0
33,38202090,0.0011589795561269,-0.00408867657703462,0.711236809977259,0.702939641522378,-0.0757456978660604,0.242994290570073,-0.0924720025624642,0
34,38218757,0.00119575067953007,-0.00421874706776512,0.71137217934606,0.702801817588662,-0.0932660160511022,0.241223632587302,-0.0911561374452591,0
35,38235424,0.00123913414311555,-0.00434587895360351,0.71150963086484,0.702661812730189,-0.0865647267996304,0.247004587147508,-0.09546253805084,0
36,38252091,0.00126472874437042,-0.00447422574716663,0.711642384701425,0.702526510575676,-0.0861772690331418,0.266107849898159,-0.110419034079524,0
37,38268758,0.00131624519311424,-0.00461066129075272,0.711777822296544,0.702388312109365,-0.101544081201852,0.275487983805641,-0.102075703115373,0
38,38285425,0.00135589426025628,-0.00473371688012297,0.711905282316415,0.702258230628334,-0.0960736635272605,0.249173564776326,-0.113487226660813,0
39,38302092,0.00140111443164299,-0.00485873119753897,0.712040150417314,0.702120540792811,-0.0968778570511573,0.247924639566961,-0.104467854348693,0
40,38318759,0.00145347761918817,-0.00498179949392642,0.712174439228625,0.701983359621869,-0.090838936701891,0.216638704666088,-0.107658881049959,0
41,38335426,0.00148972775154821,-0.00511373992606209,0.712305040746417,0.701849812497261,-0.102695875644338,0.250412713665816,-0.117802265845383,0
42,38352093,0.00153327606820728,-0.00525314211873396,0.712439444915905,0.70171225647718,-0.0894065618074291,0.22913038400134,-0.128557455134556,0
43,38368760,0.00157834642630954,-0.00538827854137567,0.712569014491126,0.701579557045432,-0.108330282423248,0.23064851132405,-0.126798384272683,0
44,38385427,0.00162024853142273,-0.00551763337249364,0.712695486858901,0.701449979348219,-0.113331391229521,0.248008495668012,-0.116428942864403,0
45,38402094,0.00164852494910548,-0.00565791550163488,0.712827454096045,0.701314687600809,-0.102146758444078,0.248612972983994,-0.130517325282274,0
46,38418761,0.00168660817527947,-0.00579902351360473,0.712955408160606,0.701183365927698,-0.111324874380443,0.238664044637007,-0.132971672511274,0
47,38435428,0.00172333401101194,-0.00593445402994475,0.713084436828912,0.701050924204259,-0.109475453356352,0.244823996082434,-0.133513357643776,0
48,38452095,0.00176957675270945,-0.00606223532310926,0.713215897401851,0.700915973276594,-0.116307893984074,0.237985784950763,-0.139165098895662,0
49,38468762,0.00181156443253787,-0.00620234744601163,0.713342174673358,0.700786123544659,-0.116996615669299,0.221613918472621,-0.137851257229114,0
50,38485429,0.00184624205886307,-0.0063451527583503,0.713467261844929,0.700657403230875,-0.105613256153297,0.264838698975181,-0.156129595697349,0
51,38502096,0.00189205034229893,-0.00647798598263697,0.713595716067439,0.700525238555549,-0.119920290041337,0.236682376182411,-0.144174547180846,0
52,38518763,0.00194300448481856,-0.00660812163120808,0.713726921590963,0.700390204713321,-0.137583050672064,0.256058250719801,-0.1523814960136,0
53,38535430,0.00199387838647941,-0.00673801583413726,0.713855175163691,0.700258104189887,-0.134161528312585,0.2518364056092,-0.147597384677618,0
54,38552097,0.0020352819963012,-0.00687213552640961,0.713985328597869,0.700123976112442,-0.125415224150438,0.241258598071865,-0.144852158921554,0
55,38568764,0.00207678668425632,-0.00700744380043108,0.714110424084647,0.699994917768763,-0.136143780590358,0.258896007642007,-0.154926085800766,0
56,38585431,0.00212397141831428,-0.00714230024913373,0.714243202694226,0.699857931081487,-0.134485290244253,0.22586952605916,-0.171152954662731,0
57,38602098,0.00216196249173312,-0.00728279481144707,0.714372735889765,0.699724146385768,-0.141214615192327,0.223033051347639,-0.158451374944621,0
58,38618765,0.00221142110696308,-0.00740877021059065,0.714500526244352,0.699592179585506,-0.141018544230785,0.25173609690333,-0.149190114810097,0
59,38635432,0.00226252100490564,-0.00754585842749158,0.714630034463752,0.699458258126696,-0.136064069731702,0.249721825063394,-0.163046392661597,0
60,38652099,0.00231436872782408,-0.00767279089049082,0.714758596996003,0.699325332014827,-0.155268820586275,0.214602849344501,-0.163650923542393,0
61,38668766,0.00237042173532524,-0.00779503003534431,0.714880418021652,0.699199260966953,-0.150417089084617,0.20863032014247,-0.182454261579704,0
62,38685433,0.00241247548843775,-0.00793473919712539,0.715001546788243,0.699073678496274,-0.141851356078885,0.245854816689399,-0.189249884146138,0
63,38702100,0.00247313509912763,-0.00807754246192578,0.715128058295246,0.698942413328472,-0.15201627375465,0.252634371619498,-0.179722461845664,0
64,38718767,0.00253435230224552,-0.00822279893368833,0.715254276317554,0.698811335659029,-0.161184750403653,0.250110838154801,-0.175497031654095,0
65,38735434,0.00258293611071924,-0.00836825220433216,0.715373175592225,0.698687713101632,-0.1592814049738,0.252601304848524,-0.186474050877083,0
66,38752101,0.00264506502752723,-0.00850464157689286,0.715493249451831,0.698562870965462,-0.159088909576986,0.227900801638358,-0.196339980255698,0
67,38768768,0.0027107470921327,-0.0086405688529077,0.715607755967918,0.698443649852055,-0.158173258578444,0.247772361171293,-0.192411569474004,0
68,38785435,0.00277372766915178,-0.00878300852213451,0.715732967256197,0.698313314192675,-0.173912683569547,0.221946742617203,-0.205986392301219,0
69,38802102,0.00282686101614428,-0.00892890528024388,0.715852204263814,0.698189018216364,-0.167116274547038,0.220845685535455,-0.177059764249381,0
70,38818769,0.00288961925288047,-0.00906967138523214,0.715974236735933,0.698061804922698,-0.171070497788477,0.237908252031322,-0.200542668846681,0
71,38835436,0.00294322788254349,-0.00921717568454739,0.716088068023247,0.697942877259138,-0.176428473260922,0.264209819835953,-0.200014135304661,0
72,38852103,0.00300440796864433,-0.00937160796828513,0.71621127001504,0.697814132273266,-0.166284333822745,0.234252959853485,-0.197108490545777,0
73,38868770,0.00306614638838132,-0.00950641669304794,0.716329807688973,0.697690356393337,-0.171764500632841,0.243864234192926,-0.206510275095373,0
74,38885437,0.00313323208729867,-0.00965953020640517,0.716451996607554,0.697562479560024,-0.168597871111955,0.22434109091314,-0.209458951523622,0
75,38902104,0.00319777054806209,-0.00979723080689535,0.716566562017283,0.697442578805431,-0.187288611235036,0.233255826981034,-0.205246984709804,0
76,38918771,0.00326393585617224,-0.00993922867563574,0.716683850608549,0.69731973780538,-0.174691866300769,0.222589221333585,-0.209941532391673,0
77,38935438,0.00333206619488229,-0.0100885496088288,0.716800497210091,0.697197364955599,-0.174884076471275,0.229948829816585,-0.219961916716121,0
78,38952105,0.00340732157895774,-0.0102378519352589,0.716914294174122,0.69707780868152,-0.190507714122469,0.218074131181672,-0.206004945034422,0
79,38968772,0.00347245505043405,-0.0103896093222022,0.717028226098395,0.69695804827281,-0.194370808052504,0.240049950573439,-0.222721063058391,0
80,38985439,0.00354496482282789,-0.0105329863796994,0.717139956052628,0.696840564874896,-0.191464216384413,0.232421077486887,-0.224987883072886,0
81,39002106,0.00362569183835109,-0.010678687340267,0.71725061611509,0.696724029783605,-0.182547816269542,0.231623217483265,-0.222086677087628,0
82,39018773,0.00369941098332281,-0.0108302314007205,0.717361483241741,0.696607150987838,-0.188422099840098,0.239066234842442,-0.231360867798022,0
83,39035440,0.0037730106149332,-0.0109871641442279,0.717477426758045,0.696484880458737,-0.194648981209677,0.233511944749754,-0.229526909553581,0
84,39052107,0.00385827420529047,-0.0111313710866662,0.717581761958879,0.696374627052048,-0.202581803826633,0.234833152144387,-0.232468379038111,0
85,39068774,0.00392581478881604,-0.0112896138513298,0.71769266249979,0.6962574055558,-0.212417303778031,0.249689576743304,-0.235562867091397,0
86,39085441,0.00399567379358532,-0.0114374458088432,0.717804955303868,0.69613882635974,-0.213803198910646,0.242149201135776,-0.226360545493342,0
87,39102108,0.00407505467691545,-0.0115910043319202,0.717912546379355,0.696024869023419,-0.204932050871272,0.227404537107306,-0.24752318659157,0
88,39118775,0.00415266682706084,-0.0117301982924346,0.718017752034246,0.695913547482683,-0.199743642345917,0.246028453025288,-0.244611451970229,0
89,39135442,0.00422389606995987,-0.0118847599014879,0.718120098313708,0.695804883269717,-0.217535517697534,0.237249389068629,-0.240635766635742,0
90,39152109,0.00429839563724625,-0.0120351920734973,0.718221383870007,0.695697291714257,-0.216218220798404,0.241341431616638,-0.258987530807764,0
91,39168776,0.00439048442417124,-0.0121839405473171,0.718321662875298,0.695590586396428,-0.213878649154959,0.247819649100397,-0.262261100395196,0
92,39185443,0.00447165723389006,-0.0123440609232094,0.718422666994554,0.695482925735736,-0.216850069983053,0.216632209649743,-0.249516147602158,0
93,39202110,0.00455249835033344,-0.0124831355959877,0.718520475498855,0.695378869662691,-0.217120660844503,0.241222397305018,-0.26672168524279,0
94,39218777,0.00462872270692259,-0.0126369587203362,0.718613909747166,0.695279030978423,-0.215674334992428,0.241697870158606,-0.250513848836648,0
95,39235444,0.0047113696246654,-0.0127895863692372,0.718702722288805,0.695183879596919,-0.220279430616588,0.248554529975658,-0.256051345581667,0
96,39252111,0.00480621221132682,-0.0129359150711584,0.718796403371846,0.695083658939807,-0.225009537233389,0.243442345545511,-0.257058981556892,0
97,39268778,0.00489733411713808,-0.0130955242398576,0.718888874609363,0.694984395023595,-0.218544692124878,0.237891775627182,-0.261178130677359,0
98,39285445,0.00498140911292368,-0.0132483215180451,0.718982647724018,0.694883889446262,-0.2294723769421,0.246866962129539,-0.252287801695301,0
99,39302112,0.00508099145416396,-0.0134072669698062,0.719081817510809,0.69477749563698,-0.217878555357721,0.2477134807812,-0.259786725678819,0
100,39318779,0.00517422187904366,-0.0135635993737452,0.719171022356195,0.694681435481847,-0.234764487532264,0.238613270970106,-0.26888400087964,0
101,39335446,0.00526379410794214,-0.0137167167532479,0.719255097052953,0.694590706471407,-0.221919512549143,0.258028509752219,-0.268034009585662,0
102,39352113,0.00535445998755298,-0.0138685701420596,0.719332090693953,0.694507261170337,-0.244850614730516,0.245601143145907,-0.258818796922837,0
103,39368780,0.00544762451341,-0.0140318697182826,0.719413455170025,0.694418973343684,-0.230034365134482,0.227847531815441,-0.272045764653902,0
104,39385447,0.00555355642049865,-0.0141877312392924,0.719499881293188,0.694325418742865,-0.23251047300101,0.241694354357865,-0.275386253881475,0
105,39402114,0.00563876628453696,-0.0143442166145426,0.719582090061603,0.694236316701366,-0.248339377387674,0.246221481792606,-0.275932435775297,0
106,39418781,0.00573103746059966,-0.014497052043931,0.719668820250907,0.694142478062198,-0.239460183869818,0.223828835753583,-0.285306166132851,0
107,39435448,0.00582974982704127,-0.0146483547678979,0.719748453478677,0.694055908003527,-0.238103032090786,0.230817219122792,-0.28079648770445,0
108,39452115,0.00593184025851997,-0.0148027267077946,0.719829953606042,0.693967240181181,-0.239875788719217,0.232874729433787,-0.281335801413061,0
109,39468782,0.00603786715621351,-0.0149633237223217,0.719906385361656,0.693883592123996,-0.239997503640739,0.246536153810546,-0.274084796363681,0
110,39485449,0.00612943892890275,-0.0151124861025195,0.719976882390741,0.693806407843807,-0.249964079455338,0.238113484229001,-0.303873374878255,0
111,39502116,0.00623060116834911,-0.015271178902081,0.720048243171454,0.693727971332945,-0.234793902989064,0.248986682385462,-0.274872105972951,0
112,39518783,0.00633432878913313,-0.0154269608344656,0.720128061109144,0.693640728880152,-0.24626636117694,0.231216044020319,-0.297993945842761,0
113,39535450,0.00644525602782437,-0.0155803096972563,0.72019759138206,0.693564086434666,-0.24382055776383,0.263051468392771,-0.285657921193372,0
114,39552117,0.00655074875133413,-0.0157370891696892,0.720262249110493,0.693492411077119,-0.252713917734722,0.246712559110667,-0.290005748722569,0
115,39568784,0.00666119877921363,-0.0158924624645029,0.720333375729857,0.693413935450729,-0.259529594246209,0.245887989225475,-0.314835661027604,0
116,39585451,0.00676773958871329,-0.016041284625634,0.720404500728902,0.693335582685585,-0.259206426338353,0.25076973018191,-0.291159171430386,0
117,39602118,0.00687357730162183,-0.0161989528950715,0.72047378975535,0.693258873824018,-0.254397992093409,0.23509808846393,-0.288723598390241,0
118,39618785,0.00698183045771632,-0.0163543904677964,0.720538860897813,0.693186510177433,-0.24809338402234,0.239596188842604,-0.281912666931674,0
119,39635452,0.00742623853059576,-0.0070829953420602,0.707270452450418,0.706868579899299,0.00330639054561118,0.24729067080965,0.00124053157701309,0
120,39652119,0.00741548267312866,-0.00707488100347518,0.707261685448393,0.706877545952769,0.0113055035205353,0.239755351052937,0.00752384990316081,0
121,39668786,0.00740448250274264,-0.00706959777521631,0.707258850980589,0.706880550118462,0.0066823433084375,0.252001931345937,-0.017371583997103,0
122,39685453,0.00739421388241847,-0.00705365914311653,0.707257666990403,0.706882001452184,0.000850141297472363,0.267120702029498,-0.0018635107577134,0
123,39702120,0.00737757333323013,-0.00704173016535555,0.70726142401562,0.706878535214777,0.000517029159045801,0.258678877382845,-0.00762464350793835,0
124,39718787,0.00736507617102527,-0.00702077401214091,0.707261542663941,0.70687875527129,-0.00219122714072974,0.267549914270868,0.001708272175602,0
125,39735454,0.00735770048475353,-0.00700984351808039,0.707265817340647,0.706874663542906,0.000660231634995621,0.252839166780516,-0.00654061060801374,0
126,39752121,0.00734145693232207,-0.00699740687005294,0.707264612924485,0.706876160732545,0.00412416880532197,0.233938567544347,0.011012803349736,0
127,39768788,0.00731781148673357,-0.00698353713561473,0.707260174417173,0.706880983990594,-0.00583892873479918,0.251839110817234,0.00182506241660724,0
128,39785455,0.00729502026429063,-0.00698018046336288,0.707260340293867,0.706881086751828,0.00382402755150765,0.245894922194243,-0.00140143273723257,0
129,39802122,0.00728313065261465,-0.00696366810060854,0.707261762511275,0.706879949230367,0.00117988142344378,0.234789678760803,-0.0236421992686592,0
130,39818789,0.0072745067446358,-0.00694539769333728,0.707260779731652,0.706881201091017,0.0109130715176936,0.246081991420345,-0.00744424357824087,0
131,39835456,0.00727654525880515,-0.00692948939137206,0.707250885336282,0.70689123580429,0.0113660758233515,0.239500749426608,-0.000865669403106198,0
132,39852123,0.0072698733586883,-0.00692356187440812,0.707249735298228,0.706892513153808,-0.00721451665241905,0.245790444138676,0.00599971284948812,0
133,39868790,0.00726544704238702,-0.0069083743057238,0.707248163844994,0.70689427949419,-0.00714886305176149,0.254557467182185,-0.0101132715068813,0
134,39885457,0.00725853092602495,-0.00689080854471719,0.707244936270506,0.706897751167822,-0.00174534752566103,0.241241229461344,0.00233351649123452,0
135,39902124,0.00724789124599045,-0.00689052746338703,0.707242194962397,0.70690060572087,0.000905601167409535,0.253265589743375,0.00361058237867596,0
136,39918791,0.007232111868672,-0.00686125332129651,0.707241637143686,0.70690161016304,-0.00548990276085103,0.246269476675614,-0.0031588658732467,0
137,39935458,0.00722013887812892,-0.00684348486515513,0.70724470324232,0.706898837207392,0.00712848508600214,0.245827449143097,-0.00806305061260756,0
138,39952125,0.00721175497030617,-0.00683371757277363,0.707241600740382,0.706902121284528,0.00246231099105718,0.259217423959729,0.00374425471671815,0
139,39968792,0.00720919031265257,-0.00682146996527069,0.70724139754766,0.706902469027645,-0.0105823692558026,0.262618845353772,0.00171012981010823,0
140,39985459,0.00718876888986082,-0.00681744989700976,0.707240220754167,0.706903893132827,0.00525194980579916,0.254589036487441,0.0107720841069023,0
141,40002126,0.00717257960454091,-0.00680469455211583,0.707239079412561,0.706905322363287,0.0284729564620711,0.234031969856779,0.0100667649271702,0
142,40018793,0.00715558499222453,-0.00678161689951679,0.707230996625798,0.706913802869435,0.00936748124523903,0.261754110728026,0.00849113950074081,0
143,40035460,0.00714348641444717,-0.00676260704283601,0.707227095614543,0.706918010080695,0.00746393675710392,0.228818948067188,0.0121783462056044,0
144,40052127,0.00713277423505569,-0.00674608209729282,0.707222336168763,0.706923037630014,-0.00543336220285794,0.252260158341051,0.00423001293994682,0
145,40068794,0.00712783227776217,-0.00673155736811113,0.707217579003848,0.706927985080769,0.000667932361017674,0.240168344998981,-0.00647958213790632,0
146,40085461,0.00711800223148792,-0.00672001028564595,0.707219044917012,0.706926727470862,0.0124975150007792,0.236993067280494,0.00891846670273116,0
147,40102128,0.00711831300128076,-0.0067145692677025,0.707218183107474,0.706927638207567,0.0020850601133351,0.253044352072266,0.0111841588893703,0
148,40118795,0.00711321756401757,-0.0067011999654258,0.707218381918061,0.706927617463139,0.00898772189016167,0.262160260200615,5.86266299903153e-05,0
149,40135462,0.00709224667029838,-0.00669437824325692,0.70721664030349,0.706929635122866,0.00837919457779833,0.242653604852956,0.00382029334998694,0
150,40152129,0.00708242357610877,-0.00667064073988581,0.707223149599094,0.706923445996485,0.00874889085918889,0.236701140630148,-0.0032027911958096,0
151,40168796,0.00706925139924196,-0.00665667462855647,0.70722556647399,0.706921291582796,-0.0026379650098979,0.272905753616336,0.0130628459444504,0
152,40185463,0.00705446034456678,-0.00664942759744806,0.70722199819251,0.706925077341628,0.0173158522988962,0.227556214075445,0.00979255024633259,0
153,40202130,0.00705021187197245,-0.00663607731487695,0.707222996967044,0.706924245977872,0.00613668506377024,0.253024942184456,-0.00682332781435865,0
154,40218797,0.00703184859984003,-0.00662426511636648,0.707221360424262,0.706926176893028,0.0125294185184116,0.241106850107974,-0.0055719852001007,0
155,40235464,0.00701777195351755,-0.00661599550409599,0.707219184263752,0.706928571278323,0.011773575446316,0.226495667224003,0.0111081869143416,0
156,40252131,0.00701477255240435,-0.00660385167172844,0.707213916851236,0.70693398413223,0.00120335754603873,0.254398092903101,0.00322437775788028,0
157,40268798,0.00700029661171513,-0.00660394081631641,0.70721954686571,0.706928494505705,0.0247591765567147,0.24109796187628,0.00236449914373761,0
158,40285465,0.00700027656489322,-0.00658940744433197,0.707216102189113,0.70693207639913,0.00622056159786712,0.260618332953355,-0.00924974000795393,0
159,40302132,0.00699385103187731,-0.00656807914984312,0.707223777618745,0.706924659885831,0.0189187144806162,0.25129521244693,-0.0133892061693195,0
160,40318799,0.00698057391646166,-0.0065557460829712,0.707221858310639,0.706926825710228,-0.00743273678245219,0.233811978093659,-0.00588987493070775,0
161,40335466,0.00696150104141367,-0.00655029698017792,0.707223881669624,0.706925040091855,0.00481431221705676,0.24553046120705,-0.00573191367445363,0
162,40352133,0.00695023892450129,-0.0065407589265614,0.707222982851688,0.706926138417528,0.0182167684796731,0.226866071963623,0.000216364203930223,0
163,40368800,0.0069391187066772,-0.00652681376247823,0.707225912119398,0.706923446039647,0.0144282419082129,0.239123363320975,-0.0037630568095344,0
164,40385467,0.00693560364392088,-0.00651491123333499,0.707232286171054,0.706917213491778,0.0144751903868437,0.219337989332358,-0.000292539358282207,0
165,40402134,0.00693584780478074,-0.00650959078233551,0.707229541477283,0.706920006015466,-0.000706809637913256,0.242048216866674,-0.0064513696683091,0
166,40418801,0.00693101680200586,-0.00649724155980595,0.707230797899572,0.706918910031794,-0.00862545942817142,0.24627515402965,0.000575471748318432,0
167,40435468,0.0069270399929635,-0.00649268663176029,0.707230265148868,0.706919523846031,0.00520977306053115,0.24393885795744,-0.0195795418830708,0
168,40452135,0.00691262548975857,-0.00648294765579992,0.707238845786677,0.706911169814751,0.0127582966327533,0.238317313628274,-0.00264363636168125,0
169,40468802,0.00690337307477731,-0.00647406127533308,0.707243136223654,0.706907049218866,0.00713446097447299,0.25246941360813,0.00394632604637588,0
170,40485469,0.00689084386909737,-0.00645823910412166,0.7072359525895,0.706914503163762,0.0211693931865868,0.261334705869439,0.00310110620796312,0
171,40502136,0.00688259979006275,-0.00644698233441311,0.707234085385187,0.706916554275176,0.0103021337757896,0.233251790478506,-0.0015350757606942,0
172,40518803,0.00688073567783325,-0.00643443262312045,0.707238673719406,0.706912096337986,0.00849877343618234,0.242650072043449,-0.0283018855928626,0
173,40535470,0.00687248365394749,-0.00642054692600833,0.707235221033232,0.706915757127872,0.00627318759400494,0.252554091384826,-0.00394063912004525,0
174,40552137,0.00687564799171369,-0.00641403961904223,0.707236476589466,0.706914529304482,0.0166467120234114,0.233979335968462,-0.00097892658064281,0
175,40568804,0.00685663167081685,-0.00640470295474043,0.707233239772733,0.706918036934096,0.00730518906416307,0.264719893141028,-0.0040964932641152,0
176,40585471,0.00684910525254555,-0.00639453043456977,0.707232663164441,0.706918778850225,-0.00172442601502104,0.246935101076035,-0.0185935673305297,0
177,40602138,0.00684698305461725,-0.00638751175254995,0.707236910154794,0.706914613960809,0.0113540745402441,0.247084101162342,0.00739882957849382,0
178,40618805,0.00683147966134892,-0.00637773433668428,0.707238332795094,0.706913428939911,0.013341535585672,0.251397113251148,0.00163257710554252,0
179,40635472,0.00681876795956123,-0.00637074054592922,0.70724203924876,0.706909906556462,0.000814816201701315,0.248050243019455,0.00289027000017361,0
180,40652139,0.00680864503045928,-0.00635859143800532,0.707242587643014,0.706909564860872,0.00841734213756864,0.22578527952712,0.00565390048793882,0
181,40668806,0.00680149977236737,-0.006357644595813,0.707247624367689,0.706904603028088,0.00849398780020482,0.249168363962657,-0.00698230484270823,0
182,40685473,0.00678943830841384,-0.00635585310537383,0.707246084593863,0.706906275601942,0.00164622747459296,0.24449793336326,0.00300180572514628,0
183,40702140,0.00677827290247265,-0.0063407506736962,0.707249449424074,0.706903151914531,-0.00196921818044439,0.275128652121279,-0.00784641078031385,0
184,40718807,0.00677940019884126,-0.00633123839287602,0.707247451306447,0.706905225453803,-0.000805412718358934,0.270693160443298,-0.0089613397795863,0
185,40735474,0.00677334195997318,-0.00632318995224907,0.707249676559467,0.706903129229211,0.0137933468625677,0.243089920305877,-0.0122493081419679,0
186,40752141,0.00675510280373572,-0.00631120367203296,0.70725184355042,0.706901242811791,0.00537115274337851,0.243362799197306,0.00203673949885578,0
187,40768808,0.0067542754760946,-0.006298057766081,0.707246614778729,0.706906599286777,0.00427357828240658,0.251958761957367,-0.00385589974816322,0
188,40785475,0.00675218669949138,-0.00628677845570357,0.707245754397251,0.706907580436431,0.00457760346560571,0.25736923837539,-0.00858624143912634,0
189,40802142,0.00674568312613483,-0.00627079526834008,0.707244036203601,0.706909503501193,-0.000469756413080998,0.238592509743629,0.00516292335631628,0
190,40818809,0.00673136524307932,-0.00626354282224115,0.707243904417017,0.706909836130642,0.0188284262542187,0.263157811017878,0.0166231845106302,0
191,40835476,0.00670713623501864,-0.00626172228568791,0.707244527241407,0.706909459439199,0.0103677869532849,0.256079926144085,-0.0116288537219996,0
192,40852143,0.00669925294818793,-0.00625804652139404,0.7072469390125,0.706907153819455,0.00361036895422062,0.242449076614043,0.00633448129927589,0
193,40868810,0.00668017353382042,-0.00624614431390072,0.707245256215626,0.706909123242346,-0.00312221730284165,0.24820411439311,0.00179484978311936,0
194,40885477,0.00667644233175596,-0.00622455288517336,0.707247558313774,0.706907045741075,-0.014242273533825,0.251553549002754,-0.00334697674801205,0
195,40902144,0.0066761592597269,-0.00622005494152531,0.707247840949666,0.706906805233971,-0.00702272910323638,0.241461779792945,-0.00270948816812611,0
196,40918811,0.00667007755675717,-0.00622517904190234,0.707246808216586,0.706907850768921,0.0122854814091271,0.250302593312625,-0.00196679719946285,0
197,40935478,0.00666477858232751,-0.00621571202050026,0.707249299189065,0.706905491877877,-0.00111646493023141,0.22739985523948,-0.0201118270455168,0
198,40952145,0.00665299720820059,-0.00620237069221005,0.707247513107951,0.706907506982747,0.00417340637809799,0.254275525968042,0.00850602124520492,0
199,40968812,0.00665308495963577,-0.00619551663324361,0.707250000161514,0.70690507800249,0.018175393193973,0.25268572116222,-0.00120920523068015,0
200,40985479,0.00664762514288966,-0.00618631934077899,0.70725117942564,0.7069040300734,0.00335611213633118,0.264266263856274,-0.00810090039576517,0
201,41002146,0.00664057525478854,-0.00617371767430784,0.707254664354575,0.706900719846189,0.00840086633414195,0.244138906850164,0.00253622953893479,0
202,41018813,0.00663201116189999,-0.00615583570108062,0.707258280002082,0.706897338715648,0.0105541062821331,0.239404919197379,-0.00295785059589624,0
203,41035480,0.00662933586885902,-0.0061431583200602,0.707258404830761,0.706897349201452,0.0164905091933704,0.259042954022635,0.00509097154960167,0
204,41052147,0.00660970302584109,-0.00613973660451511,0.707251834243884,0.706904136654327,0.0072061455356778,0.23711104652867,0.0031975468051278,0
205,41068814,0.00660420652456893,-0.00612444099775532,0.707256645758444,0.706899506796518,0.0144168865529638,0.256147645035362,-0.00695786469206608,0
206,41085481,0.00659032883191196,-0.00611711326123227,0.70725283003006,0.706903517395202,0.00719716696728487,0.241413973304074,-0.0039250305463937,0
207,41102148,0.00659109312831575,-0.00610335985750777,0.707252878674831,0.706903580480385,-0.00665201658180138,0.240370221682741,-0.00387662851031365,0
208,41118815,0.00657950817003474,-0.00610071254760474,0.707255913652203,0.706900674764595,0.00578497739539062,0.236287661061863,-0.00834702375967797,0
209,41135482,0.00657406160049099,-0.00607986583087821,0.707249608609842,0.706907213194756,0.0188965259065436,0.246752466713488,-0.00144956105294715,0
210,41152149,0.00656627596269985,-0.00606383304721214,0.707249059982084,0.706907972159896,0.000894629283496285,0.259911023610084,0.00182319809625575,0
211,41168816,0.00654901556261758,-0.00604668993500163,0.707246649740952,0.706910690516271,0.0204768409536526,0.240645677676846,-0.00863742025216612,0
212,41185483,0.00654169712143642,-0.0060423731661269,0.707250047684971,0.7069073956148,0.00519751689033894,0.216309567676486,0.00252032584929482,0
213,41202150,0.00654283501085618,-0.00603076697253639,0.707251280093065,0.706906251186439,0.0048351461877792,0.255328721289475,0.00128007169801611,0
214,41218817,0.00654673378947975,-0.00602186553415079,0.707249317444348,0.706908254575289,0.00955083074481023,0.250412726579628,-0.00814118781567462,0
215,41235484,0.00655085818755937,-0.00601881756988662,0.7072483298771,0.706909230367039,0.00648175358767593,0.258063559617506,0.000326788393893205,0
216,41252151,0.00654373990039964,-0.0060118458735703,0.707243909353273,0.706913778236079,0.00672440896302461,0.233656886365517,0.00483225702982455,0
217,41268818,0.00653461405730086,-0.00599948943309669,0.707245592756446,0.70691228343568,0.0166200615773368,0.243999044868653,0.0029439263738881,0
218,41285485,0.00651373337302277,-0.00598251019916989,0.707243668809378,0.706914544890904,0.00423403219329841,0.239976548185752,0.00769747949572905,0
219,41302152,0.00652117716821351,-0.00597456808607843,0.70724088584582,0.706917327678806,0.00640078220456757,0.267490994691397,0.0114419309652004,0
220,41318819,0.00652387035263457,-0.00596869878089444,0.707244723621421,0.706913512857226,0.00819518300164984,0.232272941958784,0.00312708218433901,0
221,41335486,0.00651602966813604,-0.0059532641590694,0.707243038996398,0.706915400733606,0.0114606284143843,0.245856376412733,0.00676502991308227,0
222,41352153,0.0065186109456418,-0.00593292800078083,0.707244550584156,0.706914035612317,0.00029754434432185,0.265245488110557,0.00574340914304412,0
223,41368820,0.00651316050492767,-0.00593097716406475,0.707249784103616,0.706908866216505,0.00968652225262439,0.237282743505495,-0.00152695714928464,0
224,41385487,0.00650893671614772,-0.00591835025503668,0.707245590910974,0.706913206136419,-0.00207540564906547,0.246012521945723,-0.00905501842332036,0
225,41402154,0.00650754983170024,-0.00590769946811633,0.707243905713262,0.706914993979921,0.00111252855381514,0.229779410045015,-0.00723862404297726,0
226,41418821,0.00650913255749003,-0.0059063958099316,0.707244287795598,0.70691460804144,0.0115934848412681,0.234451338507727,0.00967174705949082,0
227,41435488,0.00650978227325995,-0.00589264746417828,0.707235555786843,0.70692345276663,0.00897616022230722,0.249924243192793,-0.00285342876870602,0
228,41452155,0.00649683649364462,-0.00589080737775859,0.707230568308202,0.70692857684102,0.0156741455566551,0.254191767843494,-0.000480532447594787,0
229,41468822,0.00648800393467974,-0.00588621586254645,0.707231050153119,0.706928214154082,0.00901156722081438,0.257906699218798,-0.00974731479285429,0
230,41485489,0.00647879132210427,-0.0058719648061426,0.707235654837655,0.706923810476543,-0.00323173114167481,0.242247502261328,0.0106817599007468,0
231,41502156,0.00646421233100155,-0.00585651531656717,0.707241147841672,0.706918576631624,0.00256334714009638,0.248847858463772,-0.00505672830571313,0
232,41518823,0.00644943862304288,-0.00584760504733131,0.707247705620381,0.706912224502707,0.00132062858634525,0.253786913809147,-0.0087812453255468,0
233,41535490,0.00644824532893818,-0.00584260306811271,0.707251077194609,0.706908903557333,0.00963145359635031,0.277917080430312,-0.00306908973648258,0
234,41552157,0.00643723193666191,-0.00583157164427731,0.707252106352659,0.706908065364145,0.00385829212919592,0.232478135825562,-0.00582754185614193,0
235,41568824,0.00643091894239601,-0.00582773269090292,0.707249313098401,0.706910949084169,0.00657784750292278,0.251834008515461,-0.00651014121412015,0
236,41585491,0.00643021293843279,-0.005824319656674,0.707244190943511,0.706916108204334,0.0151772283398428,0.255831934962583,0.000774258639749268,0
237,41602158,0.00643253987145148,-0.00580656155517971,0.707247429393502,0.706912993154032,0.00957358471760839,0.24873444466313,-0.00268538113260402,0
238,41618825,0.00641607761606399,-0.00578677166508772,0.707247323290635,0.706913411189767,0.0106071370754192,0.256361531827665,0.00148085801192406,0
239,41635492,0.00625935625910654,-0.0059386881107902,0.707151611546001,0.707009300314103,0.00216604933107799,0.25584578149459,0.00374893969167415,0
240,41652159,0.00625677999368821,-0.00593358381686356,0.707146224105345,0.707014754457608,0.00114901251374169,0.262578869537046,0.0147300884550358,0
241,41668826,0.00625363153728893,-0.00593002870257006,0.707137587699316,0.707023450046019,-0.000389658831594043,0.243833197053325,-0.00253666957780361,0
242,41685493,0.00624584437454537,-0.00592233377205286,0.707128782269609,0.707032390118474,-0.00677656520123595,0.26015273259412,2.12173931267505e-06,0
243,41702160,0.00624206883756534,-0.00591908187635317,0.70712838318619,0.707032849830086,-0.00683104949025723,0.260797320853939,0.000729715163303048,0
244,41718827,0.00623235750855488,-0.00592760114868606,0.707123465490289,0.70703778245403,-0.00453311591560423,0.254307864697427,0.00206544512899834,0
245,41735494,0.00622054209276921,-0.00593309889545177,0.707125517887642,0.707035787740411,0.00300210973435929,0.246161712206006,-0.00759405560506125,0
246,41752161,0.0062067059587012,-0.00593285594078829,0.707131321635426,0.707030106843877,0.0155121915908961,0.253227195620431,-0.00228700927594535,0
247,41768828,0.00620720166389052,-0.00592817240044808,0.707135194028092,0.707026268809262,-0.00434072963244775,0.26603682093508,0.00980975765874034,0
248,41785495,0.00619914346374638,-0.00592576243702911,0.70712790056568,0.707033654221232,0.0140979732801703,0.265200239293115,0.00417951119026991,0
249,41802162,0.00620059712918645,-0.00591802304183062,0.707127361813098,0.70703424512096,-0.00933374862776808,0.272300358242978,0.000910001903888324,0
250,41818829,0.00620248663167337,-0.00590652656541525,0.707123074217557,0.707038612815896,0.00637701269419037,0.243953527004465,0.0139957411904053,0
251,41835496,0.00620265675933667,-0.005898294364229,0.707122139079978,0.707039615294415,0.00211081649822897,0.249399221316592,-0.00275478523561336,0
252,41852163,0.00619361387870732,-0.00588431437338854,0.707123530726213,0.707038419242385,0.00498463331923021,0.249781095587557,-0.00972412892132304,0
253,41868830,0.00619613608173356,-0.00587727478822659,0.707117696688398,0.70704429038697,0.00867358999605672,0.245729772716866,0.00016886908787811,0
254,41885497,0.00618565542690253,-0.00587150107368853,0.70711899578451,0.707043130892866,-0.0126255012698841,0.253559090681735,0.0184670598178575,0
255,41902164,0.00618760637509651,-0.00586446103409197,0.707117481373373,0.707044686819938,0.00433263718493881,0.237894759047865,0.0116754805372783,0
256,41918831,0.00618499293102687,-0.00586159029906089,0.707114711941486,0.707047503197288,9.73838462918625e-05,0.224394088499579,0.00402619707599185,0
257,41935498,0.00617672753951843,-0.00585661409534628,0.707108609882978,0.707053719272873,0.00807588080629759,0.251898476159794,-0.003921180855486,0
258,41952165,0.00616131908468408,-0.00584640765420485,0.707106442128381,0.70705610609429,0.0137258126201993,0.236427239788129,0.00615796753875168,0
259,41968832,0.00614640137261748,-0.0058416446911305,0.707108578224132,0.707054139044045,0.00495057583114145,0.238313208466571,0.00364675908585494,0
260,41985499,0.0061374605377736,-0.00584491205058605,0.707110832260435,0.707051935490756,-0.0100065627964935,0.244311511685259,-0.00122962561832438,0
261,42002166,0.0061323131674288,-0.0058318511117286,0.70710419367722,0.70705872707429,0.0058578405498379,0.257795931753656,0.0069433465917097,0
262,42018833,0.00612079213170994,-0.00583228992752801,0.707106472778992,0.707056544027374,0.00344360407529411,0.259993453326812,0.0130263924212796,0
263,42035500,0.00612334267211118,-0.00582566164936291,0.707105574900672,0.707057474527536,0.00311295239116891,0.249508178311872,0.00231389494504994,0
264,42052167,0.00611082733791231,-0.00581993727611386,0.707105293380272,0.707057911484588,0.00532297693587213,0.231304373837623,0.00753540902947444,0
265,42068834,0.00611272520810713,-0.00581265442935424,0.707104917602777,0.70705833079102,0.0051859706268836,0.254738701688729,-0.00285164901056877,0
266,42085501,0.00610182898667341,-0.00581202869397209,0.707106711825807,0.707056635706343,0.000132058452403538,0.234235272057454,-0.0109261519293877,0
267,42102168,0.0060936548833344,-0.00580252245653513,0.707107358044016,0.707056138014031,0.0108562413737598,0.254779999872853,-0.0033260400856865,0
268,42118835,0.00608068890960375,-0.00580623080087636,0.707108133049839,0.70705544413507,0.0095907592934097,0.255251426964469,-0.00411409512406395,0
269,42135502,0.00607493306513308,-0.00580888761004911,0.707111190378888,0.707052414219724,0.0167349076899107,0.242779267136281,-0.0165783206095215,0
270,42152169,0.00606710109136906,-0.00580141798046934,0.707107112320252,0.707056621169675,0.00825448140794703,0.240438233302867,0.00263085961774643,0
271,42168836,0.00605509202969996,-0.00580178832813946,0.707113284649831,0.707050548252693,0.00502959729969864,0.260696837906819,0.00947156605262817,0
272,42185503,0.00604095687002325,-0.00578682918276838,0.707109838373347,0.707054238318195,-0.00115206108487618,0.232618364518729,-0.00685463450447626,0
273,42202170,0.00604847044726848,-0.00577878994759938,0.707110343798702,0.707053734368805,-0.00106289231980446,0.239990548238263,-0.0132677303581839,0
274,42218837,0.00604136736252627,-0.00576079780350419,0.707108870253439,0.707055415577848,-0.00868381482035064,0.264814377344362,-0.00845651709190708,0
275,42235504,0.00603719015984229,-0.00575405995275059,0.707115099827208,0.707049276023526,0.000391064198225038,0.25797552835955,-0.00243437221177055,0
276,42252171,0.00603486908481539,-0.00574588874818826,0.707114199051229,0.707050263148075,0.0111478875445053,0.243263281307548,0.00153563077951291,0
277,42268838,0.00602877947003301,-0.0057386491364372,0.707109927828029,0.707054645477441,0.00266909587601721,0.240698458014172,-0.00146227443252721,0
278,42285505,0.00602943830322462,-0.0057272752503174,0.707109598724099,0.707055061211076,0.00296967406130662,0.236344924908688,0.0084472059783432,0
279,42302172,0.00602580705203314,-0.00572389890792314,0.707107483601186,0.707057234787865,0.00626044202679258,0.252551986216511,0.00167628158546172,0
280,42318839,0.00602283656215079,-0.00571039963571714,0.70710449136038,0.707060361690375,0.00632889165362254,0.243111111677998,0.00823221222860056,0
281,42335506,0.00601724670713107,-0.00569856933160745,0.707102931597699,0.707062064585265,0.00271891181416989,0.247339885236461,0.00205784048011445,0
282,42352173,0.00600750234161749,-0.00569552075185254,0.707104363266034,0.707060740254412,0.00703586594645389,0.250417955379715,0.000344259997548286,0
283,42368840,0.00598746098548916,-0.00569337981657211,0.707106381061655,0.707058909567726,-0.0145196684933249,0.233043737613265,-0.00497210710609821,0
284,42385507,0.00597382755061595,-0.005698497319118,0.707104903053039,0.7070604617648,0.0103115696894523,0.242102778189327,-0.0115008062103759,0
285,42402174,0.00597431171830796,-0.00568526767873567,0.707101395005319,0.707064072423741,-0.0111414764490692,0.242752237563586,-0.000671142081714281,0
286,42418841,0.00596857479179154,-0.00568337731394124,0.70709715976788,0.707068371506928,-0.00492906725034433,0.259028968543308,0.00701755009347878,0
287,42435508,0.00596426955474664,-0.00569206275436591,0.707100134468703,0.70706536313457,0.00744274398133226,0.232239230573928,-0.00864434338661575,0
288,42452175,0.00595363383590977,-0.00567459774076178,0.707097827704003,0.707067900021567,0.00767188484422712,0.238940743169072,0.00577731375161898,0
289,42468842,0.00594221686529392,-0.0056643761083517,0.707099057892231,0.707066847780285,0.008662489856088,0.253929581704298,0.00809050500870433,0
290,42485509,0.00594021494108363,-0.00565952185710129,0.707096606265239,0.707069355202857,0.00667779805336991,0.261444688595156,0.00502420781561253,0
291,42502176,0.00593443518253729,-0.00566203633849099,0.707089856519165,0.707076133546644,0.00965406065438887,0.242723025012966,-0.00344590683779918,0
292,42518843,0.00594242564745589,-0.00565187254322007,0.707089327233427,0.707076677049073,0.0152888537486252,0.258316164756259,0.00672402907047789,0
293,42535510,0.00596012784480872,-0.00565432695894919,0.707096057896008,0.707069777582553,0.00111333099461625,0.24238908095318,0.00140185480970203,0
294,42552177,0.0059490853413638,-0.00564751908762003,0.707095505977835,0.707070476924123,0.00618121281677361,0.242378207015241,0.00361603865319571,0
295,42568844,0.00594867794903792,-0.00565198570594504,0.707095391521476,0.707070559122163,0.0101595433992346,0.240199302593069,0.000588839531116295,0
296,42585511,0.00593790069882988,-0.0056487194018148,0.707093054830935,0.707073012576683,0.00190687922062722,0.240167822583845,0.00244297890380788,0
297,42602178,0.0059357908325579,-0.0056494308637634,0.707090988765612,0.707075090725573,-0.000323854093562891,0.248303400391217,0.00524751523363207,0
298,42618845,0.00592833983195001,-0.00564723445292582,0.707087457096627,0.707078702512313,0.00640458501847123,0.243342223182305,0.00653925699099534,0
299,42635512,0.00592469318182796,-0.00564040914214208,0.707082622668377,0.707083622010735,-0.0139909052148422,0.230424721588965,0.00352636341952244,0
300,42652179,0.00590809797857275,-0.0056411296711957,0.707077743093095,0.707088634653878,-0.00548799072707706,0.238318649988978,0.00489890251342489,0
301,42668846,0.00591212262149305,-0.00564350937439993,0.707079239134323,0.707087086003752,0.0184297018272495,0.249244623109442,0.00699158457066853,0
302,42685513,0.00590177734017148,-0.00565002340266107,0.707076435521203,0.707089923977429,0.0128121360131875,0.254344993203044,0.00124088624282803,0
303,42702180,0.00590368502968421,-0.00564420273842576,0.707072686767741,0.707093703200336,0.00728877914623727,0.23544596871551,0.00657414594151001,0
304,42718847,0.00588836660466043,-0.00563808305231071,0.70707173106082,0.707094835430779,0.0125193825009405,0.239618470502489,0.00405231372815352,0
305,42735514,0.00588491685399788,-0.00562461207289907,0.707069075773962,0.707097626623655,-0.00299037457129736,0.233449697363712,0.00518752939385995,0
306,42752181,0.00588018228260276,-0.00562150099253349,0.707059570189904,0.707107195823789,0.000434027678713881,0.248879990422878,0.0131530412821173,0
307,42768848,0.0058706682323287,-0.00562290426502968,0.707061525888763,0.707105308147227,-0.00865701004667221,0.259708337086373,0.000828809002234147,0
308,42785515,0.00585873383296281,-0.00561095437667439,0.707059962696918,0.707107065146355,0.0116270416303994,0.234056687877399,0.00124762448982893,0
309,42802182,0.0058491845876258,-0.00559695302147284,0.707059286212671,0.707107931603771,-0.0125496003991171,0.237250904489571,0.00821551234466689,0
310,42818849,0.00584856328441738,-0.00558425415830637,0.707050990317975,0.707116332369274,0.00445244102944501,0.22006366848714,0.00499428690270737,0
311,42835516,0.00583646894346607,-0.00557951532885783,0.707046599057944,0.707120860532032,-0.00410911073776953,0.241740042169898,-0.000686143173131843,0
312,42852183,0.0058357324042328,-0.00558247177470323,0.707055960845604,0.707111482348357,-0.00567799988033682,0.250744551601591,0.00564173335656172,0
313,42868850,0.00581925419725069,-0.00557655377700552,0.707058056640989,0.707109569209488,0.00723275193181636,0.264279331527484,-0.00235851739889447,0
314,42885517,0.00580579508722732,-0.00557036984153937,0.707055834464063,0.707111950594502,-0.0128605450657762,0.243808774598874,-0.0173378797491925,0
315,42902184,0.0058018210336786,-0.00556919015811248,0.70705337275446,0.707114454010254,0.00768524459995256,0.247608625597434,0.0128333468573106,0
316,42918851,0.00579250646852675,-0.00556402279479066,0.707051424427116,0.707116519206515,-0.00452063962046487,0.254056126983987,0.00387108803117695,0
317,42935518,0.00579147523476633,-0.00555650577393946,0.707050130072923,0.70711788099443,0.000302128002111917,0.22833209135147,0.00913956555920878,0
318,42952185,0.00579236019698532,-0.00554773975898211,0.707047451167152,0.707120621213205,0.00756585795209625,0.21448322829642,-0.000264022548005269,0
319,42968852,0.00577310578493037,-0.00554007878066518,0.707050603632972,0.707117686583323,-0.00142030448151069,0.237065563481158,-0.000515346877815639,0
320,42985519,0.00576017847136042,-0.00554587431171969,0.707047630058322,0.707120719856947,0.00535921344296097,0.250691304057554,0.00456129099686488,0
321,43002186,0.00575099834039152,-0.00553806006428922,0.707046052908073,0.707122432804905,0.00849804024670878,0.253939582387174,0.00478135413633842,0
322,43018853,0.00573122806751539,-0.00553827423009857,0.707047247057377,0.707121397619938,-0.00791866452650108,0.244097303754674,0.00823176758862622,0
323,43035520,0.00572050441519487,-0.00553400076291958,0.707054536250529,0.707114229408758,-0.00362058971871415,0.230052971838674,-0.00669030089947378,0
324,43052187,0.00571782414114187,-0.00553041748641582,0.707058686442579,0.707110129255416,0.00964282840426716,0.246354372425122,0.0165146475487625,0
325,43068854,0.00570368238680146,-0.00553504247054342,0.707059045987277,0.707109847760333,-0.00452528831282228,0.236117895688363,-0.00416458888024085,0
326,43085521,0.00569589899807791,-0.00554110782899514,0.707058243408918,0.707110665515749,-0.0134134503165611,0.225058456201164,-0.0012556044199032,0
327,43102188,0.00568825848969641,-0.00552916598626345,0.707053459239135,0.707115604280392,-0.00121974060866027,0.249170449075641,0.000122361440151681,0
328,43118855,0.00567933701484006,-0.00553503198577038,0.707055773995717,0.707113315538115,0.00596058051678205,0.268604248439835,0.0100664768519314,0
329,43135522,0.00567254261880336,-0.00552814505245691,0.707053666679613,0.707115531089108,0.000108943643708574,0.245248708606613,-0.00630837867018652,0
330,43152189,0.00566891789490991,-0.00553010296609329,0.707054322465555,0.707114889119059,0.00353007002424329,0.260074804211463,0.000147961843428477,0
331,43168856,0.00566431372260632,-0.0055135533204227,0.707056202591566,0.707113175281461,0.00244135094844842,0.262769884612432,8.65120372410564e-05,0
332,43185523,0.00565535970576986,-0.00550469798821937,0.707050946501708,0.707118571568938,-0.00581446792535377,0.248743953323626,0.00341939196473692,0
333,43202190,0.00564511295909671,-0.00550021778405775,0.707047073294585,0.707122561123296,-0.00459080640809614,0.284329294483659,-0.0078106450438727,0
334,43218857,0.00564215617317612,-0.00549338021817669,0.707044884380843,0.707124826546471,0.00603465532223104,0.240558772423615,0.00896165916954758,0
335,43235524,0.00563947725612317,-0.00548630588901072,0.707042910401364,0.707126876589441,-0.00938962433027808,0.239128811398442,0.0136493863724699,0
336,43252191,0.00563865752999456,-0.00546890247736392,0.707040990706715,0.707128937399269,0.00483138679576331,0.248814620790924,0.01656464779341,0
337,43268858,0.00562574190168913,-0.00546103788458908,0.707037854515929,0.707132236837489,-0.00615188783567186,0.266604318402499,0.0214432379777748,0
338,43285525,0.00562256268214464,-0.00545621975290647,0.707033973683356,0.707136179609286,0.00436657895636546,0.2355390256363,0.000342468980220862,0
339,43302192,0.00561609705980913,-0.00544896472364104,0.707035107815959,0.707135152960826,0.009889276792538,0.265037852754687,0.00900828453682466,0
340,43318859,0.00560825678198488,-0.00545483273442191,0.707036387571124,0.707133890367364,0.00207556676567051,0.25020380846848,0.00594890905804101,0
341,43335526,0.00560096244485658,-0.00544742130175282,0.707033865161469,0.707136527366312,-0.00158627349472941,0.245627480231442,0.0113811607041881,0
342,43352193,0.00560018648788554,-0.00544117391816662,0.70704052940856,0.707129918269166,-0.000679402431651102,0.24614993713039,0.013016551596717,0
343,43368860,0.005593274964642,-0.00544396316993567,0.707037530210248,0.707132950310171,0.00129435226535094,0.236816197532789,0.00365401407756713,0
344,43385527,0.00559023604094664,-0.0054366840795612,0.707038908964333,0.707131651771967,-0.00322522762558033,0.255011642627779,0.00972193240376089,0
345,43402194,0.00558356768659499,-0.00543238313941802,0.707030405118468,0.707140240138638,-0.00372528210310374,0.263745725051299,0.00979485001262477,0
346,43418861,0.00558319465854185,-0.00542376859982691,0.707031366183366,0.707139348293152,0.0127003793146216,0.240995124048945,0.000593538362316899,0
347,43435528,0.00557424680719319,-0.00541779148005606,0.707032257557042,0.707138573464779,-0.0159151892966964,0.254178288670795,0.00352064767065301,0
348,43452195,0.00557440676840284,-0.00541861189966534,0.707029627889789,0.70714119517978,-0.016121556552195,0.252896678501896,0.00959857252916617,0
349,43468862,0.00555431007049127,-0.00541642992483956,0.707027639766305,0.707143357837007,-0.00160769593531826,0.237648724838682,0.0142788006325685,0
350,43485529,0.00554556907149807,-0.0054082540887675,0.707028472786219,0.707142656131683,-0.00345651568592772,0.247069917174384,0.0105899197106631,0
351,43502196,0.00553751801958718,-0.00540052509782211,0.707036355366558,0.707134896899329,0.00232172618824234,0.263972459084331,-0.00100703126789545,0
352,43518863,0.00554302545339087,-0.00539427823118962,0.70703748583255,0.70713377112027,5.83561757861154e-05,0.235636528484031,0.00345149296109547,0
353,43535530,0.00553784263984774,-0.00539056343720686,0.707039549148649,0.707131777015006,0.0045943894611098,0.232831490400787,0.0115177668478956,0
354,43552197,0.0055308432713667,-0.00538456046409156,0.707039100486977,0.707132326134143,0.00694575008274604,0.238364242697032,0.00692001577060453,0
355,43568864,0.00553179840529923,-0.00537996129942867,0.70703612105075,0.70713533269971,0.00778383168850412,0.246965449377604,0.0256455755388993,0
356,43585531,0.00552645427981144,-0.00537845955404764,0.707036753952491,0.707134753096072,0.00790971111553118,0.261490803349758,0.000162719983290708,0
357,43602198,0.00551678313307125,-0.00537163233185595,0.707043306740809,0.707128328567719,0.00939054921136796,0.246448385121954,0.000861032353890376,0
358,43618865,0.00551690361689826,-0.00536016868860363,0.707037605598874,0.707134115027074,-0.00388260742173218,0.249867386472935,0.00847329296701656,0
359,43635532,0.00558858617799738,-0.00531323075498626,0.707085290652542,0.707086224605094,0.00346898464727589,0.253724209990002,0.017599447211211,0
360,43652199,0.0055811872229708,-0.0053135758254214,0.707084442082471,0.707087129020214,0.0154444375769004,0.227696398155871,0.00304965487965982,0
361,43668866,0.00556434693189999,-0.00531395386052078,0.707075361865359,0.707096338967019,0.00189086058646625,0.251990328788913,0.0131094562407921,0
362,43685533,0.0055623158630794,-0.00530301412332043,0.707074870911032,0.707096928015951,0.00983672007282496,0.231070857770731,0.00555291638702897,0
363,43702200,0.00554794259538861,-0.00529804231065414,0.707072440961446,0.707099508070438,0.00721124356489337,0.240634592707213,0.0113463751007897,0
364,43718867,0.0055331341617663,-0.00529279681368064,0.707067796553806,0.70710430758466,-0.003433560212567,0.235364411268314,0.00523883203155578,0
365,43735534,0.0055371523041586,-0.00528787083083755,0.707069342680798,0.707102766935175,0.00662580041091163,0.234795680857046,-0.00271050837608488,0
366,43752201,0.0055362816284626,-0.00528774180110166,0.707069573350026,0.707102544059196,0.00231729372012378,0.241327800967508,0.00705737352423142,0
367,43768868,0.00552079652315741,-0.00527813008501994,0.707065191436598,0.707107118622972,0.0157952609358041,0.257676542509139,0.0105488878018674,0
368,43785535,0.00550540324280403,-0.00526951574075406,0.707065828750218,0.707106665611886,0.0102045491196897,0.227403317786667,-0.000191451489551745,0
369,43802202,0.00549895878039611,-0.0052640877086052,0.70706451559952,0.707108069260239,-0.000485789802447547,0.249883487392257,0.00118520259531249,0
370,43818869,0.00549838694444269,-0.00526496581445477,0.707062483754266,0.707110098883639,-0.00429135061156294,0.25153927766953,0.0052174718902803,0
371,43835536,0.00550122487002578,-0.00526259561201872,0.70706702652387,0.707105551961691,-0.00389441576543603,0.224872475238282,-0.00522620416322822,0
372,43852203,0.00549281191483322,-0.00526471006134819,0.707062581412597,0.707110046464758,-0.000912568571878303,0.230809333939423,0.0040880540497886,0
373,43868870,0.00548839264019657,-0.00527421855047903,0.707065588104709,0.707107003418189,-0.00936833562152518,0.248916409182152,0.00184556462409317,0
374,43885537,0.00548501054969127,-0.00526808857460044,0.707065340237402,0.707107323209855,0.00267216081232007,0.245115904440519,0.00739991709484709,0
375,43902204,0.00547608676590455,-0.00526208257955056,0.707068270776682,0.707104506718442,0.00153788951427225,0.242619454935889,0.00245828260060168,0
376,43918871,0.00546351530617516,-0.00525745940866103,0.707069840871754,0.707103068336333,-0.0103874229897172,0.251436071665522,0.0138509820225565,0
377,43935538,0.00545959885343693,-0.0052439495877549,0.707074168559505,0.707098871395624,-0.0125916232839966,0.260279862168888,0.0134048070200253,0
378,43952205,0.00545243485494474,-0.00523222564272577,0.70707632445383,0.707096857697613,-0.00229803798484347,0.245131512012307,0.00622372244348393,0
379,43968872,0.00544545708862648,-0.0052408431521864,0.707079904793574,0.707093267396361,-0.00906564093750377,0.246319010508301,0.00260640975332089,0
380,43985539,0.00544327445966474,-0.0052394128285143,0.707085095415893,0.70708810423954,-0.00886270311507716,0.223602352881356,-0.00415307427911926,0
381,44002206,0.00543529382224389,-0.00523195514239413,0.707085859692951,0.707087456577144,-0.00263070426712767,0.250898063480132,0.00360002307335926,0
382,44018873,0.00542007316722029,-0.0052301277828397,0.707082810119795,0.707090636483988,0.00312854064071767,0.248740997967095,-0.00179211416596671,0
383,44035540,0.00541797538792941,-0.00522567676297286,0.70707855348906,0.707094942027506,0.0137457211626643,0.235219261336023,-0.000202031741153358,0
384,44052207,0.00541948649521493,-0.00522675755219278,0.707079191256625,0.707094284705721,-0.00107482945484837,0.250574105227538,0.00385977729762451,0
385,44068874,0.00542415573217582,-0.00522101471031223,0.707078527949271,0.707094954622842,-0.00644350944615207,0.243994056156654,0.0166477910454014,0
386,44085541,0.00540968334552969,-0.00521855081911501,0.707084026707155,0.707089585009598,0.0187037790918949,0.256938862027369,0.01359204177184,0
387,44102208,0.00539762626157906,-0.00521098941612328,0.707077408800943,0.707096350707165,-0.00636740161363269,0.241422070168604,0.0102384686329442,0
388,44118875,0.00539142442752615,-0.00520380788532809,0.707077763714151,0.707096096006144,-0.010949535282259,0.257208775535076,0.00210330285778199,0
389,44135542,0.00540427908265418,-0.00520151790656043,0.707072936890661,0.707100841391014,-0.00118514951619341,0.232177074444938,0.00358768104169271,0
390,44152209,0.00540204581861102,-0.00520663584927278,0.707078099625963,0.707095658219907,0.00211654831981237,0.252458854702612,0.0107917937453739,0
391,44168876,0.00539838596612588,-0.00519434151117642,0.7070790774678,0.707094798773482,-0.00929464982529291,0.24487140565321,0.00198615073344151,0
392,44185543,0.00538786002736874,-0.00518949282408405,0.707080231971726,0.707093760178496,0.000244694252718568,0.243071515751056,0.000148867376426136,0
393,44202210,0.00538465659591127,-0.00518106049442223,0.707081974619545,0.7070921037981,0.0056838690446651,0.233159587359401,0.007676851773019,0
394,44218877,0.00537393553338962,-0.00518964075248022,0.707076322485059,0.707097774446185,-0.000735522309838658,0.234156816159956,0.00407672341468972,0
395,44235544,0.00536550249642448,-0.00517756061743648,0.707070816945793,0.707103432372253,-0.00537636188637358,0.246670959413934,0.00329766255061854,0
396,44252211,0.00535388481785404,-0.00517975004421357,0.707074809860568,0.707099511644209,-0.00801709828349673,0.245280598112099,0.0105908231506182,0
397,44268878,0.00535404469946939,-0.00517309981812671,0.7070805706044,0.707093798528444,0.00406625584634461,0.23601150403972,0.013378413805978,0
398,44285545,0.00534357033252552,-0.00516525714677745,0.707078818518625,0.707095687143554,0.00242627169773068,0.23489250303253,0.00342117886715617,0
399,44302212,0.00533760223805513,-0.00515716822656295,0.707081102396641,0.707093507431501,0.00132524581547438,0.258580293910062,-0.00470949484756813,0
400,44318879,0.00533429943094416,-0.0051635433458737,0.707078884099563,0.707095704081288,-0.0048245012858199,0.240768876685653,-0.00408862313157106,0
401,44335546,0.00533271688333128,-0.0051608720567872,0.70708015772506,0.707094461922705,-0.00130072571177771,0.234274610431529,0.00209252249741494,0
402,44352213,0.00533874158388008,-0.00515536085429895,0.707076747967066,0.707097866336111,-0.00338573807358553,0.253902608941877,0.00186755758285967,0
403,44368880,0.00534373042203579,-0.00515254111408878,0.707075123538062,0.707099473581249,-0.00332830556090435,0.25707974261627,0.00661147675337162,0
404,44385547,0.00533974576128034,-0.00514781122000917,0.707077345408165,0.707097316333042,0.0120644540135552,0.244366281387534,0.00429062217418255,0
405,44402214,0.0053342339687491,-0.00514201415260389,0.707075237427282,0.707099508029509,-0.00575529050507797,0.232892916832765,-0.00551272713704649,0
406,44418881,0.0053272855844994,-0.00512894247821717,0.707079426746394,0.707095466149619,-0.00428651121523064,0.244585279094385,0.00121017160042851,0
407,44435548,0.00532234711570086,-0.00513051716466039,0.707078469215783,0.707096449422756,0.00311979927186369,0.247053437803964,-0.00348464696052069,0
408,44452215,0.00531409625656007,-0.00513041441434631,0.70707641033607,0.707098571045913,-0.0113887471102707,0.24436292902927,0.000530214528628673,0
409,44468882,0.00530662686141202,-0.00512850310718263,0.707074678812836,0.707100372471235,-0.0106372801759914,0.238255230006738,-0.00275027537586813,0
410,44485549,0.00530856151793701,-0.0051165730467696,0.70707652778962,0.707098595461653,-0.0144432117039645,0.241821020228598,-0.0154057351710043,0
411,44502216,0.00530386101344068,-0.0051139199916419,0.707070738306244,0.707104439182595,-0.0100890650715364,0.258625699966986,0.00101878105532233,0
412,44518883,0.00530054880386613,-0.00510081641783309,0.707072428986953,0.707102868061458,-0.0143764164312757,0.240518796940405,-0.00052227639874919,0
413,44535550,0.00529689261001116,-0.00509529211227986,0.707070946546315,0.707104417661965,-0.00230364934556006,0.235275076217891,-0.00289786685949346,0
414,44552217,0.00529691269527714,-0.00508413889430757,0.707067558629913,0.707107885531435,0.00306339674689361,0.238876902983582,0.00604371634715098,0
415,44568884,0.00528528886009466,-0.00508389070018565,0.707062734031494,0.707112798583736,-0.0167825977432204,0.26239504351977,-0.0113895806613791,0
416,44585551,0.00528316854067731,-0.00506782929427686,0.707061861843176,0.707113801847536,-0.00894058064166501,0.252530309009299,0.0103398433414349,0
417,44602218,0.00528063145488004,-0.00506421983615316,0.707060337335495,0.707115371050512,-0.00425430117245004,0.260525170019102,0.0090346125681908,0
418,44618885,0.0052718567460938,-0.00504404594361896,0.707060865704107,0.707115052390151,0.00645885526622889,0.255988188779766,-0.00372845227582875,0
419,44635552,0.00527844926327123,-0.00503721659634068,0.707067616466349,0.707108301582531,-0.0101866276276025,0.230247660331233,-0.00413290477172141,0
420,44652219,0.00527086954093939,-0.00504201337124436,0.707067060810457,0.707108879559795,0.00725448215221726,0.219935402629977,0.00797963021052842,0
421,44668886,0.00526941065334217,-0.00503588367150563,0.707073355098582,0.70710264014261,-0.000419824687921668,0.25733408962292,0.00140748140170603,0
422,44685553,0.00526372002603026,-0.0050293774619047,0.707062523324594,0.707113559991386,0.00212785122514602,0.25053509093187,-0.00568783160254811,0
423,44702220,0.00526639613668895,-0.00501420930188724,0.707058928839978,0.707117241993484,0.00579712270037267,0.225627492899131,-0.00444577069901061,0
424,44718887,0.00526950501679105,-0.00501685459490277,0.707059899025321,0.707116229963048,-0.00676978087297247,0.230303145896536,-0.0021862246047072,0
425,44735554,0.00526974694712001,-0.00502286548923078,0.70706238114723,0.707113703555376,-0.00599252414621528,0.263288015191573,0.0092300419337514,0
426,44752221,0.00526657627410821,-0.00501896580092022,0.707052227255417,0.707123907875976,0.00592570515191708,0.235951027302773,-0.00762817810751973,0
427,44768888,0.00527169897937301,-0.00501263356220179,0.707054514639315,0.707121627460795,0.016815937880651,0.214212185144267,0.0131829148269771,0
428,44785555,0.00526301049981327,-0.00501806262292344,0.707056806432335,0.707119362092213,0.00562762462002898,0.236231702302471,0.00324912949889244,0
429,44802222,0.00525696707905562,-0.00502251888903943,0.707055120578284,0.707121061109883,-0.00498632074327966,0.254984327137974,-0.000653914324411977,0
430,44818889,0.0052560307088362,-0.00502537859962451,0.707054655924875,0.707121512362674,-0.00797057156881895,0.267756417643359,0.000439528537290044,0
431,44835556,0.00525518815660919,-0.00501938502910554,0.707052316012726,0.707123900877639,-0.0062268700832765,0.257956180839772,0.000835636747416239,0
432,44852223,0.00524527689154728,-0.00502408373183717,0.707050770137884,0.707125486812922,0.0115462481724816,0.225936081427146,0.00613372958230224,0
433,44868890,0.00523462642528045,-0.00503004353295732,0.707044870674821,0.707131422156214,-0.00164041149637825,0.198010958693355,-0.0062645385397658,0
434,44885557,0.00526486824432065,-0.00499716573738794,0.707044056160573,0.707132245159961,-0.00437025174320216,0.307358655401784,-0.00578125388636223,0
435,44902224,0.00521398978853974,-0.00502899159256081,0.707051671865069,0.707124781680615,0.00987562390998497,0.216997512814942,0.00591500395017633,0
436,44918891,0.00522792642246241,-0.00499927396346695,0.70705114059408,0.707125420720943,0.00362213190386064,0.212617389717339,-0.00102418539373725,0
437,44935558,0.00524514043359564,-0.00497736604396639,0.707051938312194,0.707124650155873,-0.00653391309108224,0.286282458535202,0.00317547272115811,0
438,44952225,0.00522581832319459,-0.0049848784804702,0.707048689635593,0.707127988622978,0.0176912791335915,0.234320146802021,0.00531557184973002,0
439,44968892,0.00523231640485902,-0.00497923568821552,0.707043355296681,0.707133314027709,-0.0136706694467397,0.264686654229846,5.21271207969149e-05,0
440,44985559,0.00521875792083835,-0.00497563576161929,0.707044513413752,0.70713228158955,0.00453838386085583,0.221921290593611,0.0083342229941552,0
441,45002226,0.0052322474317378,-0.00496663605293944,0.707040233092144,0.707136524938528,0.00188239398796857,0.259238047713844,-0.00312923740237957,0
442,45018893,0.00521794841971377,-0.00496880159767641,0.707042444962564,0.707134403806187,-0.00918420056735786,0.247706549397961,-0.00489097530294262,0
443,45035560,0.00521215100473509,-0.00496424068183955,0.707042081686239,0.707134841823783,-0.00319157724326899,0.252068063693647,-0.00125313127626702,0
444,45052227,0.00520852298753794,-0.00496540531458294,0.707045732673523,0.707131209851828,0.00992506785687964,0.231103233864548,-0.0112470408654963,0
445,45068894,0.00520162703988496,-0.00494516266704222,0.707039124859981,0.707138009415112,-0.0104587188618415,0.24127413538097,0.00803615573654098,0
446,45085561,0.00519519161888832,-0.00494506063355104,0.707039679792485,0.707137502582286,-0.00297818676248218,0.26090754462926,-0.00256685278463402,0
447,45102228,0.00518732828698605,-0.00495125106817038,0.707039093957563,0.707138102744981,-0.0190947809949718,0.256684859184779,0.00286093843620564,0
448,45118895,0.00519897075987571,-0.00494670100764548,0.707039004519594,0.707138138513346,0.00332912526786871,0.243817447659952,0.00991270453415767,0
449,45135562,0.0051984190146144,-0.00493674895695766,0.707035753720658,0.707141462445913,-0.00372042483486291,0.247634038684989,0.0125254015263747,0
450,45152229,0.00518788150278989,-0.00493337322372461,0.707035722816812,0.707141594290037,0.0054394001990107,0.249550124689591,0.00489365977478342,0
451,45168896,0.00518383637973523,-0.00492488787821942,0.70703782055144,0.707139585675731,-0.000683070796026925,0.253232894613082,-0.0150792453234468,0
452,45185563,0.00517217172297843,-0.00491069376101836,0.707033359701511,0.70714422998116,-0.000852773437979373,0.247598015143875,0.0107513887685129,0
453,45202230,0.0051704259627909,-0.00489730091818162,0.707037779146424,0.707139916847276,0.000172329416185935,0.238734328852254,-0.000638559984367584,0
454,45218897,0.00517588448267725,-0.00489367079893608,0.707032790686406,0.707144889750415,0.00497749207800401,0.27214551302381,0.00202307543182297,0
455,45235564,0.00515405107926535,-0.00489453831758928,0.707034627026611,0.707143207163493,-0.0134989714973863,0.251326434750628,0.00435231039104852,0
456,45252231,0.00515165162344265,-0.0048989250294265,0.707040314399909,0.707137507725608,0.00523128365629663,0.240536293060264,-0.00339068885272271,0
457,45268898,0.00515423511427986,-0.00490084019756037,0.707043898611653,0.707133891891614,0.00265241518103956,0.240741137031034,0.0114353851824515,0
458,45285565,0.00515264300851005,-0.00489542712621314,0.707044865892814,0.707132973830163,-0.000599746623996966,0.2509252771978,0.01156817325577,0
459,45302232,0.00514591045756791,-0.00489069901791136,0.70704505807954,0.707132863409684,0.00352498489151773,0.242619088624794,0.00647723375640673,0
460,45318899,0.00514657460541784,-0.00488658073452677,0.707041667343903,0.707136277345541,0.00335807855670457,0.253280380838216,-0.00384997843859616,0
461,45335566,0.00514440476931355,-0.00489735202336115,0.707051786146548,0.707126101024212,-0.00751380223625578,0.254909220447013,0.0165467062084104,0
462,45352233,0.00514718805156778,-0.00489385407494283,0.707046813738015,0.707131076838216,-0.00553971161613087,0.249526403299135,0.00368218755668866,0
463,45368900,0.00514907999438268,-0.00488560178941741,0.707045874906695,0.707132058846007,0.00640149002724929,0.256801094619792,0.00187054944074878,0
464,45385567,0.00513339029767935,-0.00489218182358959,0.707046054611834,0.707131947743062,0.00143620796025187,0.232056945670402,-0.00806343641702064,0
465,45402234,0.00513189581699019,-0.00488112040353523,0.707050332946085,0.707127757190849,-0.00491579488623084,0.253769162868155,0.00953719375412241,0
466,45418901,0.00513088365270701,-0.00487533563782906,0.707048352231445,0.707129784934957,0.00192823650576028,0.252112073234534,0.00983513636551612,0
467,45435568,0.00512171521040063,-0.00486346587529874,0.7070432008054,0.707135083932227,0.00111048587442132,0.248744263366279,-0.0031179815081133,0
468,45452235,0.00511258475341664,-0.00486394014085471,0.707048443691777,0.707129904498799,-0.0102320931667687,0.235878292701094,-0.00211240488301245,0
469,45468902,0.00510527021368763,-0.00486361729356912,0.707036837020042,0.707141564709332,-0.00919045083595329,0.237671470424525,0.0067216408263455,0
470,45485569,0.00510060143666645,-0.00487529730352501,0.707035025849812,0.70714332886816,-0.000682817665835205,0.246143660335909,0.00423346690331785,0
471,45502236,0.00509763023193305,-0.00486819308231405,0.707031419075511,0.707147005439605,0.00771387312142956,0.252445932294624,-0.00366035923135413,0
472,45518903,0.00509187669439079,-0.00486856873616725,0.707025329297228,0.707153133035792,-0.00266992795057869,0.269489903177913,0.00307746529877412,0
473,45535570,0.00508047627618608,-0.00486747644369675,0.7070256915253,0.707152860389498,-0.0145826316926987,0.26180156831743,-0.0063052028269273,0
474,45552237,0.0050725479354771,-0.00487883631194977,0.707021897323281,0.707156632521446,-0.00424876319856202,0.259105509582591,0.00484432440197044,0
475,45568904,0.00507013787621043,-0.0048830754907347,0.707020316269525,0.707158201294314,0.00622082537003737,0.255646430195317,-0.00479368416138617,0
476,45585571,0.00505953535618676,-0.00487934245503061,0.707017073598998,0.70716154502256,0.000954715876393072,0.249473350447292,-4.60480363081224e-05,0
477,45602238,0.00505190602921333,-0.00487805244236749,0.707016422709074,0.70716225922309,0.000940822268141155,0.258581915797203,-0.00200259553740538,0
478,45618905,0.00504553385109328,-0.00488691924046606,0.707019486714792,0.707159180110141,-0.0100467854723406,0.267018351107166,0.00600847235567346,0
479,45635572,0.0051200339542973,-0.00488070845825623,0.707047744957891,0.707130433715883,-0.00241284428547209,0.237288850019283,0.00813010732124993,0
480,45652239,0.00512232725098144,-0.00487446816992827,0.707046865676577,0.707131339328503,-0.0160549451511403,0.24395031823196,0.0024014106301698,0
481,45668906,0.00511537547765372,-0.00487819396290445,0.70704896758352,0.707129262296832,-0.00521825324522425,0.240887644754773,-0.00136652566118148,0
482,45685573,0.00512019608559252,-0.00488321305461256,0.707048424293875,0.707129735993231,0.0125265339396424,0.238421318154942,0.00582362075928509,0
483,45702240,0.00512236103055338,-0.00488036148943054,0.707052854766183,0.707125310009617,-0.00471565880077281,0.238744650189859,0.00614850824663753,0
484,45718907,0.00511324874746396,-0.00487970245923215,0.707049582365153,0.707128652557948,-0.00475810561640296,0.242951253202952,-0.00742410267439814,0
485,45735574,0.0051094783031692,-0.00488156208580135,0.70704086387333,0.707137384386038,-0.00371706869950421,0.235469315282831,0.00273449193334546,0
486,45752241,0.00510996689414444,-0.00487864104085987,0.707041888435504,0.707136376590465,-0.000462784699194284,0.247442798435066,0.00447849579055748,0
487,45768908,0.00510058527125735,-0.00487844453647486,0.707043960229138,0.707134374155502,0.00194055556226943,0.244723989682524,-0.000949079601622502,0
488,45785575,0.00510462183921416,-0.00487417743180875,0.707039786667496,0.707138547456879,-0.000230410584720745,0.245817964224394,0.00812573092212885,0
489,45802242,0.00510274198521383,-0.00486224740514408,0.707031244809126,0.707147183716418,-0.00322514962510898,0.284672978506493,-0.00137863798291478,0
490,45818909,0.00510563195209408,-0.00487627121933094,0.707025714505403,0.707152595646435,0.0137891022215899,0.228198951844317,-0.00304599322499325,0
491,45835576,0.00510134269672603,-0.00486102262989306,0.707020842923927,0.707157602259088,-0.00355626609260147,0.232880673409014,0.0051480268914537,0
492,45852243,0.00508614351048532,-0.0048620253517681,0.707015897481413,0.70716264929804,-0.00325380791756277,0.247583411310997,0.00711542859937288,0
493,45868910,0.00509050675996972,-0.00486152801084026,0.707011824242636,0.707166693692108,0.0031655351360959,0.246427328959321,0.0152558302229856,0
494,45885577,0.0050918084326028,-0.00484900557112512,0.707008743367995,0.707169850483649,0.0124476761352901,0.244095128047766,0.0163094717223192,0
495,45902244,0.0050970727614683,-0.0048489128361113,0.707007408796681,0.7071711474602,-0.00757057269702063,0.259273968195758,0.00172866901491814,0
496,45918911,0.00509748747996405,-0.00485566801758139,0.707010778875638,0.707167728804955,-0.0105940062242554,0.235601391517,0.0120027027031413,0
497,45935578,0.00509453476307301,-0.00486021765041926,0.707012839040959,0.707165659114737,-0.00751136492718522,0.243229697562085,0.00484649068131823,0
498,45952245,0.00509466096937958,-0.0048580390345761,0.707012231540125,0.707166280544398,-0.00648218041483125,0.25162537456958,0.0075530662006805,0
499,45968912,0.00510186454520364,-0.00485622843549835,0.707014422450789,0.70716405060645,-0.00662540559180763,0.249869292134875,0.00231481522314323,0
500,45985579,0.00511101926304129,-0.00485380165602011,0.707017647818302,0.70716077646109,0.0026675322549914,0.23922848871175,-0.00369380314662682,0
501,46002246,0.00510658196150604,-0.00485925035514929,0.707020414099511,0.707158005365995,0.000156801959679434,0.272990695048727,0.000500141068888908,0
502,46018913,0.00510025872761854,-0.00486365568436137,0.707018960316867,0.707159474211265,0.00588702550822288,0.249810296803917,0.00227973260676472,0
503,46035580,0.00509994479784638,-0.00484580757298552,0.707021006956516,0.707157552766156,0.00116231804156252,0.264695386969884,0.0192319402060465,0
504,46052247,0.00510113201830183,-0.00484608088818316,0.707015729354528,0.707162818873731,-0.00763999454647038,0.24931058837912,-0.000734284365694005,0
505,46068914,0.00510608033310313,-0.00484364073655983,0.707010496173784,0.707168031933109,-0.00240188739964466,0.264154621466263,0.00242220656881378,0
506,46085581,0.00509975250809837,-0.00483857186667609,0.707017172721439,0.707161437172326,0.00445097501250939,0.26025274955687,0.00671912459468094,0
507,46102248,0.00509134442271566,-0.00483545629526185,0.707013247750626,0.707165443216435,0.00774775797408728,0.224637153841171,-0.0154226970286138,0
508,46118915,0.00508565777718656,-0.00483925758309658,0.707014546985745,0.707164159174912,0.00455672415085272,0.242275049149254,0.000541409030879928,0
509,46135582,0.00507946669786979,-0.00483965969489669,0.707013571849815,0.707165175848096,-0.000759123188677846,0.237981007851012,0.0134759357263134,0
510,46152249,0.00507542905271249,-0.00483021759690919,0.707008816252608,0.707170023939776,9.03237901333505e-05,0.255945901024896,0.0190371764336196,0
511,46168916,0.00506931716513228,-0.00482907624757458,0.707005971302373,0.70717291986392,-0.00252133607654075,0.256778473073634,0.00284599299742504,0
512,46185583,0.00505162482731103,-0.0048316165590544,0.707002252723674,0.707176746797914,0.00417950023007064,0.231025290911617,-0.0125805816735212,0
513,46202250,0.00504839258930664,-0.00482843692326385,0.70699509368105,0.707183948799791,-0.00402206481793653,0.250430105938162,-0.00164668205119749,0
514,46218917,0.00505111178200327,-0.00482708838283147,0.706989545228962,0.70718948551605,0.0116384575659291,0.246372410225839,-0.00135469930547967,0
515,46235584,0.00505051142508126,-0.00482103206266636,0.70699108471705,0.707187992060671,0.0018425490880289,0.264490665449641,0.00466184467992932,0
516,46252251,0.00505049837022065,-0.0048107873784463,0.706986084325096,0.707193060883434,0.000817719506188798,0.240259897518662,0.00144815015201386,0
517,46268918,0.00504184150412824,-0.00479347721654586,0.706985215793832,0.707194108473317,-0.00147323744470539,0.253643886075507,0.0121798037125726,0
518,46285585,0.00504089020630318,-0.00479146784896392,0.706983207190544,0.70719613687601,-0.00415080341552816,0.253729044553255,0.0130551826422698,0
519,46302252,0.00503657037662408,-0.00479265309696339,0.706987244189389,0.707192123816877,-0.0064839675136713,0.256984445805485,-0.00250398502439479,0
520,46318919,0.00503078187318381,-0.00478866356638377,0.706989042505746,0.707190394244578,0.00315064142329613,0.256782215194203,-0.00742419990145441,0
521,46335586,0.00503105013974053,-0.00477907635923219,0.706989512237334,0.707189987591779,0.00786267165883978,0.264349903863949,0.0137742308815822,0
522,46352253,0.00502816667871282,-0.00477103142752697,0.706989142372638,0.707190432179459,0.00409658648408191,0.244974487710371,0.00748592466919356,0
523,46368920,0.00503344630313573,-0.00476889437577989,0.706980806084468,0.707198742853027,0.00405246759292483,0.198816127119794,-0.0108563193181764,0
524,46385587,0.00506564819337403,-0.00474148280857012,0.706977960202726,0.707201542233011,0.0248681450833299,0.34674890944622,-0.012730734957048,0
525,46402254,0.00499388397452094,-0.00481778599031659,0.706982627215549,0.707196871370625,-0.0160666697545261,0.182401029106162,0.00402970354450983,0
526,46418921,0.00503892964554148,-0.00476134315818437,0.70698161501469,0.707197946002799,0.00312220068525654,0.192005560609084,0.0120287691946823,0
527,46435588,0.00505608454685665,-0.00474407198856135,0.706976640503282,0.707202912587833,0.0185657783027491,0.344217616052513,-0.00223890138514583,0
528,46452255,0.00500827554320379,-0.00478640022257613,0.706981026275585,0.707198583168344,-0.00112623501367516,0.248094964301398,0.0222869936665688,0
529,46468922,0.00503125472044577,-0.00476486010598396,0.70698002417873,0.70719956730498,0.00699946156189104,0.232414865985769,0.0050158639884078,0
530,46485589,0.00501571706277186,-0.00476546400795446,0.706976773726747,0.707202923032742,0.012914810857245,0.278560009502275,-0.0041331281175123,0
531,46502256,0.00500299246668469,-0.00477811216310246,0.706971843141304,0.707207856797366,-0.00687179146506078,0.211793440284436,0.00523511585947324,0
532,46518923,0.00501935277285997,-0.00476743886878043,0.706972420419778,0.707207235815765,0.00581425468238751,0.253062866028143,-0.00079426390173238,0
533,46535590,0.0050153387456,-0.00476230225184705,0.706968692215829,0.707211025848133,-0.00204601410645413,0.274658188501261,-0.00104124243850796,0
534,46552257,0.00499273468248994,-0.00478818569543048,0.706980840528929,0.707198866658556,0.00491480875533989,0.205599961997268,0.00373852680583381,0
535,46568924,0.00500498720526248,-0.00475762020413178,0.706979070864043,0.707200755452993,0.0150614949516502,0.259386653664078,0.00771452175072794,0
536,46585591,0.00499947205570009,-0.00474706494633517,0.706982120153486,0.707197817047565,-0.00458813491172507,0.261550811899856,-0.00740501823424767,0
537,46602258,0.00499284388043187,-0.00475288550194204,0.706982065717889,0.70719787919836,-0.00936560116301974,0.22820214919803,0.0170096539732971,0
538,46618925,0.00499690770301569,-0.00473866722856709,0.706973882578386,0.707206126457023,0.00526972947018726,0.247180186895977,0.00192735456134553,0
539,46635592,0.00499131977399007,-0.00474351210904386,0.706969770874721,0.707210243767106,0.00483219938009482,0.264138340230285,0.00294547249999416,0
540,46652259,0.00499238264941247,-0.00474748259382496,0.706968477391753,0.707211502663023,0.00758797438879294,0.224554650832935,0.00550574452265927,0
541,46668926,0.00500389286568226,-0.00473003202907305,0.706973048162986,0.707206969015669,0.00706053684684929,0.259616778748228,0.0056619670750187,0
542,46685593,0.00500274468922534,-0.00473584565267877,0.706971061092272,0.707208924639385,0.00328404688741224,0.241760509617187,0.00278352058951906,0
543,46702260,0.00500545936310335,-0.00473774604938336,0.706963643307241,0.707216307914833,-0.0104214640475516,0.2376363755952,0.00884472640103304,0
544,46718927,0.00499373626562972,-0.00472637200156791,0.706964871048639,0.707215239590461,0.0015290045504725,0.270027965486202,0.00879504554326326,0
545,46735594,0.00498396989100587,-0.00473124789093836,0.706965402123903,0.707214744994268,0.000197229484142005,0.230828296426249,0.0164800050696697,0
546,46752261,0.00498028264933374,-0.00472915465125903,0.706960054541662,0.707220130626573,0.000329736330264345,0.227374816722729,0.0149631735116012,0
547,46768928,0.00499429874954377,-0.00471699234482614,0.706952398488021,0.707227766165366,0.00532635378980597,0.270440014119304,-0.0149536800113385,0
548,46785595,0.00498006689608171,-0.00471584660537774,0.706949025576208,0.707231245747355,-0.00472300891440655,0.223118012987732,0.00348979951589848,0
549,46802262,0.00496492363408131,-0.0047179008679169,0.706950684805507,0.707229679946856,-0.00266390171348243,0.217400355445388,0.00107829068144,0
550,46818929,0.00495462515258745,-0.00471408414470755,0.706954243117688,0.707226220694744,-0.0116241410360314,0.266277685004034,0.00589390442523148,0
551,46835596,0.00495415351620853,-0.00470431878565031,0.70695235375151,0.707228177657607,-0.00567095231906129,0.236019637720359,-0.00122776884525072,0
552,46852263,0.00497185094621755,-0.00468708561207075,0.706950692205223,0.707229828780708,0.00242689769808354,0.237097876430752,0.00608383171065066,0
553,46868930,0.00497939345147315,-0.00469248668083952,0.706954482165193,0.707225951415918,-0.0173251708844324,0.25729650752478,-0.00151204737711446,0
554,46885597,0.00496477437434646,-0.00469540887851125,0.706952995628077,0.707227520762141,0.0123026906332026,0.229280245531037,0.00622399457745632,0
555,46902264,0.00495129668579811,-0.00469715006384238,0.706953927793807,0.707226671880604,0.011740678525604,0.237066217507989,0.00999065161066561,0
556,46918931,0.00494491463350431,-0.00470306809476365,0.706957892465774,0.70722271403718,-0.00287394105099513,0.256241354783555,0.0110963108590472,0
557,46935598,0.00493244396093391,-0.00470659350018379,0.706957655929698,0.707223014116893,0.00916549264186197,0.25712800093171,0.00268666756533458,0
558,46952265,0.00494307351759094,-0.00470269938744999,0.706957640429509,0.707222981301521,-0.00260802753000031,0.248040404992644,0.0037727566733551,0
559,46968932,0.00493173492903572,-0.00469025962827952,0.706954588323755,0.707226194016595,0.00416530480281101,0.255404562638647,0.00699445271584201,0
560,46985599,0.00492270564384464,-0.00469196802857865,0.70695792072105,0.707222914458329,-0.00198235561478561,0.246795494879017,0.0178205112005978,0
561,47002266,0.00492225183615357,-0.00468807880011603,0.70696485069298,0.707216015965898,-0.00153939659776732,0.273849517641987,0.0100149165872797,0
562,47018933,0.00491912058232174,-0.004674783989512,0.706967189085709,0.707213788188267,-0.00264927229715539,0.273871083942255,0.0119058394648652,0
563,47035600,0.00491010818884798,-0.00467127909359938,0.706970900160564,0.707210164177074,-0.0200166927869587,0.225063654858785,0.0128621193580994,0
564,47052267,0.00490619534817025,-0.00466748644351761,0.706978247111715,0.707202871832654,-0.00202319610420682,0.251522991582971,-0.00291421798671372,0
565,47068934,0.0049006639450269,-0.00466872891272014,0.706981689048781,0.707199461123218,0.00917497323960624,0.249496239199374,-0.00274064786391763,0
566,47085601,0.0048852361390847,-0.00466606351081686,0.706984689284455,0.707196586131848,0.00784274918016706,0.243575707512811,0.00299454362919183,0
567,47102268,0.0048879445148552,-0.0046511223006009,0.70698533669137,0.707196018627901,0.0104858842928131,0.237623619273148,0.00181801828080596,0
568,47118935,0.00487239835366001,-0.00464716680879837,0.706985969223907,0.707195519566879,-0.00351478866053569,0.236109306180098,0.00235737276965331,0
569,47135602,0.00487431234924369,-0.00464270834004465,0.706985246084448,0.707196258585482,0.00344888236099297,0.235363288192382,-0.0042324662418455,0
570,47152269,0.00487306242218854,-0.00464144669095181,0.706988291902152,0.707193230559034,-0.00250114874011045,0.262299699692623,0.014243428393135,0
571,47168936,0.00486657843630028,-0.0046388055250181,0.706985101944238,0.707196481556942,-0.00299743178020682,0.228489626405761,-0.000573752248920527,0
572,47185603,0.00485581310292456,-0.00463651896665456,0.70698579515571,0.707195877546688,-0.000960034254612088,0.247321932461654,0.00547998191823111,0
573,47202270,0.00485892847458867,-0.00463211558773847,0.706984550316745,0.707197129471473,0.00110515806741104,0.250651688021089,0.0241669427707493,0
574,47218937,0.00486274911392224,-0.0046264601985387,0.706988873629655,0.70719281819102,0.00918379279606518,0.234000911639534,-0.00777230196480891,0
575,47235604,0.00485605297786761,-0.00462297064401021,0.706987028357673,0.70719473175773,-0.00113742105430909,0.226641875986081,0.00873742030597633,0
576,47252271,0.00485127590060916,-0.00462229382982859,0.706986445584656,0.707195351569466,0.00831793166912403,0.264357611402963,0.00341753439827177,0
577,47268938,0.00484897732991485,-0.00462547191031077,0.706983208644461,0.707198582523497,0.00660388761778457,0.246950261095207,-0.000565164783940567,0
578,47285605,0.00484055023491252,-0.00462943471679554,0.706980472922641,0.707201349202407,0.00115409885576691,0.240197552585673,0.00544172767989868,0
579,47302272,0.00482853724225931,-0.00462529292031608,0.706978619418552,0.707203311345853,0.000330223421149771,0.241951604576716,-0.000451501593867084,0
580,47318939,0.00483287867557597,-0.00463223171426002,0.70698057975487,0.70720127655606,-0.00692463267998638,0.262563537114884,0.00873448210163781,0
581,47335606,0.00483248014212557,-0.00463734483669948,0.706981804911906,0.707200020992678,-0.00469879585808392,0.25345161561698,-0.00167103693261702,0
582,47352273,0.00482982406171198,-0.00463077543511642,0.706978314301778,0.707203571700128,0.0118344245821017,0.255735004030013,0.0147800758243133,0
583,47368940,0.00481703351701368,-0.00462861295032329,0.706975497857251,0.707206488629554,-0.00641838631588166,0.247969279643046,0.0101506212805693,0
584,47385607,0.00481384408252557,-0.00461275690181523,0.706970667092838,0.707211443098329,-0.00770388131814162,0.23589381261813,0.0128667028087888,0
585,47402274,0.00481024934322533,-0.00460930066978642,0.706965865651704,0.707216289866069,-0.00722116643008452,0.251501560738323,0.0110522700326677,0
586,47418941,0.00481184023477822,-0.00460398459637099,0.706965905762497,0.707216273574642,0.0176606368176069,0.264802229510916,0.00566654853172311,0
587,47435608,0.00480778415729567,-0.00459596975328232,0.706968789966955,0.707213470096677,5.39666767252622e-05,0.249011777880176,0.0107213613457968,0
588,47452275,0.00481698685927867,-0.00458785951722684,0.706969695129272,0.707212555284104,0.00218521146550477,0.233935538445708,0.00428986136149489,0
589,47468942,0.00481161312041969,-0.00459114326250878,0.706971647057617,0.707210619291991,-0.000381090858256979,0.240957775071063,0.00143367640949523,0
590,47485609,0.00479849451629522,-0.00458544995184681,0.70696853442364,0.707213856930141,0.00528377644798135,0.260923958165495,0.0145358447281499,0
591,47502276,0.00480093892230071,-0.00457049145083337,0.706968398587531,0.707214072959485,0.00255882923647688,0.230842448331219,0.00370824282138942,0
592,47518943,0.00479955476411434,-0.00456743378573343,0.706966953461598,0.707215546729501,0.0121451235987489,0.248227849882406,0.00583492709870861,0
593,47535610,0.00480057302574566,-0.00456110756728986,0.706964752794419,0.707217780533486,0.00686269218403911,0.243302949902777,0.0171378494818888,0
594,47552277,0.00480224128189148,-0.00454663975516027,0.706964092197358,0.707218522727716,0.000426770986335962,0.235593693895612,0.019653981407664,0
595,47568944,0.00479418342141052,-0.00454515458059569,0.706961150568919,0.707221527501412,0.0203623655959255,0.248983969819216,-0.00308952282129865,0
596,47585611,0.0047905651875013,-0.00453683666402214,0.70696343572424,0.707219321107142,0.0175955297030093,0.248678020093615,-0.00187331633248205,0
597,47602278,0.00478514442076353,-0.00452614197832854,0.70695867524108,0.707224185059477,0.00184422292998808,0.238302030648059,0.0025772522444734,0
598,47618945,0.0047902710503905,-0.00451947690398455,0.706951475756099,0.707231389686609,-0.000942211080728464,0.237276383189966,0.00033942373181469,0
599,47635612,0.0047855597137514,-0.00456395345897989,0.706982605424151,0.707200017233264,0.00147563847735518,0.242853725007838,-0.00388369307988739,0
600,47652279,0.00477327401021195,-0.00456348271367879,0.70698302486095,0.70719968399258,0.00598273292148573,0.244109492258321,0.0135173584258151,0
601,47668946,0.00476337642058907,-0.00457207074594812,0.706978322764683,0.707204395882128,-0.00215789451790885,0.25089185757529,0.00868277616520781,0
602,47685613,0.00476813911904521,-0.00457114097071628,0.706979444996962,0.70720324792195,-0.000256635506512271,0.232142940092579,0.00840213110554031,0
603,47702280,0.0047651917178615,-0.00457418499917166,0.706986180006396,0.707196515163536,-0.00144559576932773,0.241825254212763,0.00298741068708751,0
604,47718947,0.00476355416901544,-0.00458237363620887,0.706984655329565,0.707197997403891,-0.00350993899910487,0.267874053940248,0.0146171796833873,0
605,47735614,0.00476223538436867,-0.00458663583935929,0.70698723823905,0.70719539651566,-0.00511447366733518,0.244620042293774,-0.0115349961706561,0
606,47752281,0.00476639526690158,-0.00458069249985569,0.706991294660272,0.707191351762006,-0.000530168019186403,0.23565866779481,0.0242147304078835,0
607,47768948,0.00476030413047436,-0.00458165392685857,0.706982495133422,0.707200183488947,0.00557652051166488,0.257209914093101,0.0136532217356115,0
608,47785615,0.00475776764902471,-0.00458539220943966,0.706980126021256,0.707202544704311,-0.00467984525291434,0.245019571186927,0.00320437900964863,0
609,47802282,0.00476455164326732,-0.00457787799813122,0.706967936707094,0.707214732983403,0.0106709391159941,0.234605935855551,0.00368590173483321,0
610,47818949,0.00477440718955694,-0.00456742965928033,0.706963884130646,0.707218785212332,-0.00239130302577636,0.251351533149327,0.0206238076597436,0
611,47835616,0.00477237020587332,-0.00456792609737205,0.706959937894031,0.70722274054689,0.0150223617605122,0.244100632469373,-0.00540579259074668,0
612,47852283,0.00476456035026969,-0.00456203716194114,0.706960042378235,0.707222726771536,-0.0149910091457401,0.240355290351042,0.000121753943370656,0
613,47868950,0.0047575962253001,-0.00456374670063382,0.706957612175436,0.70722519191656,-0.00460870677811273,0.27433382967015,0.00886537478662489,0
614,47885617,0.00475577690082479,-0.00456692988351437,0.7069552191621,0.707227575704579,-0.00246447700874974,0.24452695455239,0.0141616394234493,0
615,47902284,0.00474945544220438,-0.00455923888094846,0.706957527886011,0.707225359966064,-0.00538927058187386,0.244259325388508,0.00772915394075784,0
616,47918951,0.004748485266696,-0.00455744230931388,0.706957274531251,0.70722563131904,-0.0084952046624552,0.238434769342197,0.00389131437296239,0
617,47935618,0.0047481241380454,-0.00456281191208099,0.706951150924128,0.707231720351736,0.000300803342284021,0.264243980755853,0.016772127678186,0
618,47952285,0.00473593645430286,-0.00455226338273714,0.706957582962218,0.707225440504097,0.0111913049164368,0.24572833133964,0.0190030479349395,0
