1,37668746,0,5.82440639324565e-18,0.707106781186548,0.707106781186548,0.0077590845,-0.020930117,0.23929214,0
2,37685413,4.23677388981633e-05,-0.000173843776287836,0.70712954780361,0.707083991196505,0.0018752178,-0.0010129607,0.24399662,0
3,37702080,4.92038704045746e-06,-0.000266499428395833,0.707231640493394,0.70698184958234,0.0072271796,0.0056605493,0.21429157,0
4,37718747,5.15046436491737e-05,-0.000385587969728068,0.707391800221811,0.706821540169889,0.0034242463,-0.0126851285,0.2363615,0
5,37735414,0.000110312911086914,-0.000537837304853922,0.707541793483191,0.706671287825312,0.025399817,-0.02497918,0.23438168,0
6,37752081,0.000147716595230349,-0.000637977161603232,0.707650190741948,0.706562650235514,0.023528343,-0.008042667,0.247159,0
7,37768748,0.00018601994740788,-0.000745619186510926,0.707773691456747,0.70643882334587,0.016708516,-0.021645093,0.24930286,0
8,37785415,0.000239702871564354,-0.000862755135888126,0.707899361412883,0.706312743979139,0.024226122,-0.016382298,0.25758934,0
9,37802082,0.000293494899526991,-0.000988567762400704,0.708028255571442,0.706183351479616,0.017270483,-0.015288384,0.224926,0
10,37818749,0.000327287122536542,-0.00110890641599121,0.708164135562372,0.70604689668102,0.004351853,-0.02505618,0.27141476,0
11,37835416,0.000359984479504572,-0.00124688547846843,0.708303162433459,0.705907179290973,0.0227791,-0.029893294,0.24353695,0
12,37852083,0.000393702405890107,-0.00137384146548021,0.708441449075346,0.705768142374015,0.03627266,-0.037433323,0.26524448,0
13,37868750,0.000425001488159539,-0.00150159003408621,0.708578926001757,0.705629839382732,0.033931196,-0.040614296,0.24960232,0
14,37885417,0.000463101838522931,-0.00164690108668557,0.708709772846805,0.705498073083782,0.042104337,-0.044789035,0.24699593,0
15,37902084,0.000499794654216631,-0.0017547054376398,0.708839050625409,0.705367897995507,0.03476568,-0.0386689,0.2379694,0
16,37918751,0.000544493803550256,-0.00188834504408143,0.708973292737702,0.705232591323,0.028219434,-0.04600332,0.25040817,0
17,37935418,0.000579662916245921,-0.0020081303847255,0.709099973165986,0.705104857066847,0.037572306,-0.04370357,0.26572323,0
18,37952085,0.000617390845550576,-0.00214224259677197,0.709228727204624,0.704974923052522,0.038783632,-0.049182076,0.26582336,0
19,37968752,0.000645587124285093,-0.00227646475462396,0.70936240458256,0.704839967574438,0.046838563,-0.050225373,0.2501278,0
20,37985419,0.000685169710097192,-0.00239901610639422,0.709494904227908,0.704706148787438,0.03667462,-0.052580368,0.2498579,0
21,38002086,0.000716565993661033,-0.00252446235122726,0.709638621795669,0.704560955545336,0.037135698,-0.05313718,0.23687077,0
22,38018753,0.000739985339666883,-0.00265548044273679,0.709767871262436,0.704430244785746,0.053293005,-0.055880208,0.23071575,0
23,38035420,0.000783187808150743,-0.00278252481782314,0.709902673746382,0.704293857690263,0.061510596,-0.06283721,0.24271297,0
24,38052087,0.000827519896959973,-0.00291318097138077,0.71003431203429,0.704160567144626,0.05752877,-0.05946173,0.25254345,0
25,38068754,0.000860143626378253,-0.0030526095467675,0.710173765255696,0.70401929296749,0.064367235,-0.0654674,0.2537632,0
26,38085421,0.0008969401934643,-0.00319675636090853,0.710307876054157,0.703883298184074,0.055764556,-0.07414018,0.24028397,0
27,38102088,0.000930512140377837,-0.00331549383221193,0.710437368713237,0.70375200659296,0.069171645,-0.06489253,0.25681686,0
28,38118755,0.000963885329721142,-0.0034473401646985,0.710569014891325,0.703618406415887,0.06555604,-0.0765973,0.24638844,0
29,38135422,0.000996819205434299,-0.00357234542377876,0.710702241223713,0.703483168966562,0.07190325,-0.08255289,0.27104473,0
30,38152089,0.00103281829819553,-0.00370349178175221,0.710840266335526,0.703342969817019,0.07446658,-0.0697406,0.25145245,0
31,38168756,0.00107312883243706,-0.00382512092313362,0.710970546840161,0.703210564745891,0.06390646,-0.08876275,0.22461033,0
32,38185423,0.00111754765159792,-0.0039492599738811,0.711108139272017,0.703070671194578,0.095149435,-0.08878406,0.2566042,0
33,38202090,0.0011589795561269,-0.00408867657703462,0.711236809977259,0.702939641522378,0.07655665,-0.09158685,0.24307537,0
34,38218757,0.00119575067953007,-0.00421874706776512,0.71137217934606,0.702801817588662,0.09413595,-0.090339795,0.24119282,0
35,38235424,0.00123913414311555,-0.00434587895360351,0.71150963086484,0.702661812730189,0.087467715,-0.0944841,0.24706268,0
36,38252091,0.00126472874437042,-0.00447422574716663,0.711642384701425,0.702526510575676,0.08711345,-0.10922338,0.2662964,0
37,38268758,0.00131624519311424,-0.00461066129075272,0.711777822296544,0.702388312109365,0.10267277,-0.1008911,0.27550602,0
38,38285425,0.00135589426025628,-0.00473371688012297,0.711905282316415,0.702258230628334,0.096893035,-0.112426266,0.2493372,0
39,38302092,0.00140111443164299,-0.00485873119753897,0.712040150417314,0.702120540792811,0.09782156,-0.10337178,0.2480135,0
40,38318759,0.00145347761918817,-0.00498179949392642,0.712174439228625,0.701983359621869,0.09150953,-0.10671465,0.21682358,0
41,38335426,0.00148972775154821,-0.00511373992606209,0.712305040746417,0.701849812497261,0.10356071,-0.116631225,0.25060463,0
42,38352093,0.00153327606820728,-0.00525314211873396,0.712439444915905,0.70171225647718,0.089974724,-0.1273792,0.22956562,0
43,38368760,0.00157834642630954,-0.00538827854137567,0.712569014491126,0.701579557045432,0.108936444,-0.12580915,0.23090458,0
44,38385427,0.00162024853142273,-0.00551763337249364,0.712695486858901,0.701449979348219,0.11427312,-0.11522539,0.24813843,0
45,38402094,0.00164852494910548,-0.00565791550163488,0.712827454096045,0.701314687600809,0.102923356,-0.12911537,0.24902439,0
46,38418761,0.00168660817527947,-0.00579902351360473,0.712955408160606,0.701183365927698,0.11196563,-0.1317694,0.23903084,0
47,38435428,0.00172333401101194,-0.00593445402994475,0.713084436828912,0.701050924204259,0.11017613,-0.13219641,0.245224,0
48,38452095,0.00176957675270945,-0.00606223532310926,0.713215897401851,0.700915973276594,0.116857186,-0.13798693,0.23840237,0
49,38468762,0.00181156443253787,-0.00620234744601163,0.713342174673358,0.700786123544659,0.11738333,-0.13685603,0.22202587,0
50,38485429,0.00184624205886307,-0.0063451527583503,0.713467261844929,0.700657403230875,0.10621168,-0.15437806,0.265625,0
51,38502096,0.00189205034229893,-0.00647798598263697,0.713595716067439,0.700525238555549,0.12038075,-0.1429763,0.23717499,0
52,38518763,0.00194300448481856,-0.00660812163120808,0.713726921590963,0.700390204713321,0.13813011,-0.15120287,0.2564621,0
53,38535430,0.00199387838647941,-0.00673801583413726,0.713855175163691,0.700258104189887,0.13473967,-0.14638771,0.2522335,0
54,38552097,0.0020352819963012,-0.00687213552640961,0.713985328597869,0.700123976112442,0.12589315,-0.14359733,0.2417593,0
55,38568764,0.00207678668425632,-0.00700744380043108,0.714110424084647,0.699994917768763,0.13665946,-0.15358427,0.25942326,0
56,38585431,0.00212397141831428,-0.00714230024913373,0.714243202694226,0.699857931081487,0.1342725,-0.1702502,0.22667694,0
57,38602098,0.00216196249173312,-0.00728279481144707,0.714372735889765,0.699724146385768,0.14117958,-0.15771224,0.22357845,0
58,38618765,0.00221142110696308,-0.00740877021059065,0.714500526244352,0.699592179585506,0.1415284,-0.14800921,0.25214672,0
59,38635432,0.00226252100490564,-0.00754585842749158,0.714630034463752,0.699458258126696,0.13623707,-0.16177547,0.250453,0
60,38652099,0.00231436872782408,-0.00767279089049082,0.714758596996003,0.699325332014827,0.15492295,-0.16333285,0.21509457,0
61,38668766,0.00237042173532524,-0.00779503003534431,0.714880418021652,0.699199260966953,0.14955212,-0.18213858,0.20952606,0
62,38685433,0.00241247548843775,-0.00793473919712539,0.715001546788243,0.699073678496274,0.14134283,-0.1881375,0.24699879,0
63,38702100,0.00247313509912763,-0.00807754246192578,0.715128058295246,0.698942413328472,0.15177463,-0.17872794,0.25348377,0
64,38718767,0.00253435230224552,-0.00822279893368833,0.715254276317554,0.698811335659029,0.16095726,-0.17475598,0.25077534,0
65,38735434,0.00258293611071924,-0.00836825220433216,0.715373175592225,0.698687713101632,0.15883552,-0.18564597,0.25349045,0
66,38752101,0.00264506502752723,-0.00850464157689286,0.715493249451831,0.698562870965462,0.15799971,-0.19595563,0.22898674,0
67,38768768,0.0027107470921327,-0.0086405688529077,0.715607755967918,0.698443649852055,0.15741886,-0.19167158,0.24882412,0
68,38785435,0.00277372766915178,-0.00878300852213451,0.715732967256197,0.698313314192675,0.17237197,-0.20611024,0.22303104,0
69,38802102,0.00282686101614428,-0.00892890528024388,0.715852204263814,0.698189018216364,0.1661994,-0.17708705,0.2215147,0
70,38818769,0.00288961925288047,-0.00906967138523214,0.715974236735933,0.698061804922698,0.16981977,-0.20035823,0.2389574,0
71,38835436,0.00294322788254349,-0.00921717568454739,0.716088068023247,0.697942877259138,0.17553939,-0.19952121,0.26517296,0
72,38852103,0.00300440796864433,-0.00937160796828513,0.71621127001504,0.697814132273266,0.16493164,-0.19694763,0.23534203,0
73,38868770,0.00306614638838132,-0.00950641669304794,0.716329807688973,0.697690356393337,0.17019366,-0.20638514,0.24506855,0
74,38885437,0.00313323208729867,-0.00965953020640517,0.716451996607554,0.697562479560024,0.1665928,-0.20964299,0.22566319,0
75,38902104,0.00319777054806209,-0.00979723080689535,0.716566562017283,0.697442578805431,0.18432935,-0.20859835,0.23263931,0
76,38918771,0.00326393585617224,-0.00993922867563574,0.716683850608549,0.69731973780538,0.17167905,-0.21305676,0.22197247,0
77,38935438,0.00333206619488229,-0.0100885496088288,0.716800497210091,0.697197364955599,0.17173918,-0.22307669,0.22931767,0
78,38952105,0.00340732157895774,-0.0102378519352589,0.716914294174122,0.69707780868152,0.1875868,-0.20931342,0.21745491,0
79,38968772,0.00347245505043405,-0.0103896093222022,0.717028226098395,0.69695804827281,0.19123453,-0.226117,0.23939323,0
80,38985439,0.00354496482282789,-0.0105329863796994,0.717139956052628,0.696840564874896,0.18830505,-0.22830184,0.23176956,0
81,39002106,0.00362569183835109,-0.010678687340267,0.71725061611509,0.696724029783605,0.17944998,-0.22524601,0.23099232,0
82,39018773,0.00369941098332281,-0.0108302314007205,0.717361483241741,0.696607150987838,0.18521121,-0.23459825,0.23841953,0
83,39035440,0.0037730106149332,-0.0109871641442279,0.717477426758045,0.696484880458737,0.19148555,-0.23282017,0.23286629,0
84,39052107,0.00385827420529047,-0.0111313710866662,0.717581761958879,0.696374627052048,0.19939241,-0.23586239,0.23417759,0
85,39068774,0.00392581478881604,-0.0112896138513298,0.71769266249979,0.6962574055558,0.20921631,-0.2391051,0.24902439,0
86,39085441,0.00399567379358532,-0.0114374458088432,0.717804955303868,0.69613882635974,0.21074493,-0.22988856,0.24150562,0
87,39102108,0.00407505467691545,-0.0115910043319202,0.717912546379355,0.696024869023419,0.20156638,-0.2508877,0.22672462,0
88,39118775,0.00415266682706084,-0.0117301982924346,0.718017752034246,0.695913547482683,0.19644956,-0.24793524,0.24535275,0
89,39135442,0.00422389606995987,-0.0118847599014879,0.718120098313708,0.695804883269717,0.21430025,-0.24418573,0.23656559,0
90,39152109,0.00429839563724625,-0.0120351920734973,0.718221383870007,0.695697291714257,0.21273962,-0.26250538,0.2406311,0
91,39168776,0.00439048442417124,-0.0121839405473171,0.718321662875298,0.695590586396428,0.21037076,-0.26574275,0.24711227,0
92,39185443,0.00447165723389006,-0.0123440609232094,0.718422666994554,0.695482925735736,0.21351619,-0.25296053,0.2159481,0
93,39202110,0.00455249835033344,-0.0124831355959877,0.718520475498855,0.695378869662691,0.2136044,-0.27018347,0.24050808,0
94,39218777,0.00462872270692259,-0.0126369587203362,0.718613909747166,0.695279030978423,0.21239889,-0.25393638,0.24102592,0
95,39235444,0.0047113696246654,-0.0127895863692372,0.718702722288805,0.695183879596919,0.2169508,-0.25953278,0.24787045,0
96,39252111,0.00480621221132682,-0.0129359150711584,0.718796403371846,0.695083658939807,0.2216854,-0.2605839,0.24274349,0
97,39268778,0.00489733411713808,-0.0130955242398576,0.718888874609363,0.694984395023595,0.21516724,-0.26459038,0.23719883,0
98,39285445,0.00498140911292368,-0.0132483215180451,0.718982647724018,0.694883889446262,0.22622816,-0.2558641,0.24617958,0
99,39302112,0.00508099145416396,-0.0134072669698062,0.719081817510809,0.69477749563698,0.21455073,-0.26318654,0.24702835,0
100,39318779,0.00517422187904366,-0.0135635993737452,0.719171022356195,0.694681435481847,0.23131794,-0.2724793,0.23789978,0
101,39335446,0.00526379410794214,-0.0137167167532479,0.719255097052953,0.694590706471407,0.2185183,-0.27147612,0.25733185,0
102,39352113,0.00535445998755298,-0.0138685701420596,0.719332090693953,0.694507261170337,0.24157174,-0.26253518,0.24490261,0
103,39368780,0.00544762451341,-0.0140318697182826,0.719413455170025,0.694418973343684,0.22659302,-0.27550167,0.22714233,0
104,39385447,0.00555355642049865,-0.0141877312392924,0.719499881293188,0.694325418742865,0.2290461,-0.2788988,0.24097347,0
105,39402114,0.00563876628453696,-0.0143442166145426,0.719582090061603,0.694236316701366,0.24488632,-0.27964696,0.24548817,0
106,39418781,0.00573103746059966,-0.014497052043931,0.719668820250907,0.694142478062198,0.2358759,-0.28885442,0.22308254,0
107,39435448,0.00582974982704127,-0.0146483547678979,0.719748453478677,0.694055908003527,0.23460104,-0.2843219,0.23008633,0
108,39452115,0.00593184025851997,-0.0148027267077946,0.719829953606042,0.693967240181181,0.23639686,-0.28486905,0.23213577,0
109,39468782,0.00603786715621351,-0.0149633237223217,0.719906385361656,0.693883592123996,0.23664524,-0.27763355,0.24580479,0
110,39485449,0.00612943892890275,-0.0151124861025195,0.719976882390741,0.693806407843807,0.24623556,-0.3075106,0.23732758,0
111,39502116,0.00623060116834911,-0.015271178902081,0.720048243171454,0.693727971332945,0.231461,-0.27832282,0.2482729,0
112,39518783,0.00633432878913313,-0.0154269608344656,0.720128061109144,0.693640728880152,0.24263723,-0.3015457,0.23044682,0
113,39535450,0.00644525602782437,-0.0155803096972563,0.72019759138206,0.693564086434666,0.24038818,-0.28922388,0.2623129,0
114,39552117,0.00655074875133413,-0.0157370891696892,0.720262249110493,0.693492411077119,0.24922119,-0.29364452,0.24596024,0
115,39568784,0.00666119877921363,-0.0158924624645029,0.720333375729857,0.693413935450729,0.2557395,-0.31854457,0.24508095,0
116,39585451,0.00676773958871329,-0.016041284625634,0.720404500728902,0.693335582685585,0.25572553,-0.2948682,0.25000858,0
117,39602118,0.00687357730162183,-0.0161989528950715,0.72047378975535,0.693258873824018,0.25093818,-0.29233828,0.2343483,0
118,39618785,0.00698183045771632,-0.0163543904677964,0.720538860897813,0.693186510177433,0.24472737,-0.28545392,0.23886395,0
119,39635452,0.00742623853059576,-0.0070829953420602,0.707270452450418,0.706868579899299,-0.0030746441,0.00082981976,0.24729538,0
120,39652119,0.00741548267312866,-0.00707488100347518,0.707261685448393,0.706877545952769,-0.011002677,0.0072286604,0.23977852,0
121,39668786,0.00740448250274264,-0.00706959777521631,0.707258850980589,0.706880550118462,-0.0066797687,-0.017744722,0.251976,0
122,39685453,0.00739421388241847,-0.00705365914311653,0.707257666990403,0.706882001452184,-0.00064508634,-0.0023430584,0.2671175,0
123,39702120,0.00737757333323013,-0.00704173016535555,0.70726142401562,0.706878535214777,-0.0003850849,-0.008086545,0.25866508,0
124,39718787,0.00736507617102527,-0.00702077401214091,0.707261542663941,0.70687875527129,0.0024462375,0.0011992587,0.26755047,0
125,39735454,0.00735770048475353,-0.00700984351808039,0.707265817340647,0.706874663542906,-0.0005193603,-0.006983872,0.25282764,0
126,39752121,0.00734145693232207,-0.00699740687005294,0.707264612924485,0.706876160732545,-0.003783795,0.010650379,0.2339611,0
127,39768788,0.00731781148673357,-0.00698353713561473,0.707260174417173,0.706880983990594,0.006072987,0.0013102469,0.25183678,0
128,39785455,0.00729502026429063,-0.00698018046336288,0.707260340293867,0.706881086751828,-0.0036283697,-0.0017866369,0.24589539,0
129,39802122,0.00728313065261465,-0.00696366810060854,0.707261762511275,0.706879949230367,-0.0012619263,-0.024040146,0.23474884,0
130,39818789,0.0072745067446358,-0.00694539769333728,0.707260779731652,0.706881201091017,-0.010785674,-0.0077397926,0.24607849,0
131,39835456,0.00727654525880515,-0.00692948939137206,0.707250885336282,0.70689123580429,-0.011173915,-0.001142724,0.23950863,0
132,39852123,0.0072698733586883,-0.00692356187440812,0.707249735298228,0.706892513153808,0.007488578,0.0054837507,0.2457943,0
133,39868790,0.00726544704238702,-0.0069083743057238,0.707248163844994,0.70689427949419,0.007231147,-0.010637624,0.25453377,0
134,39885457,0.00725853092602495,-0.00689080854471719,0.707244936270506,0.706897751167822,0.0019697917,0.001893015,0.24124336,0
135,39902124,0.00724789124599045,-0.00689052746338703,0.707242194962397,0.70690060572087,-0.0006538592,0.0031861353,0.25327206,0
136,39918791,0.007232111868672,-0.00686125332129651,0.707241637143686,0.70690161016304,0.0056343423,-0.0036959124,0.24625874,0
137,39935458,0.00722013887812892,-0.00684348486515513,0.70724470324232,0.706898837207392,-0.007040686,-0.008444264,0.24581718,0
138,39952125,0.00721175497030617,-0.00683371757277363,0.707241600740382,0.706902121284528,-0.0022206572,0.0032836986,0.25922585,0
139,39968792,0.00720919031265257,-0.00682146996527069,0.70724139754766,0.706902469027645,0.010800481,0.0010831857,0.2626133,0
140,39985459,0.00718876888986082,-0.00681744989700976,0.707240220754167,0.706903893132827,-0.004933629,0.010349809,0.25461292,0
141,40002126,0.00717257960454091,-0.00680469455211583,0.707239079412561,0.706905322363287,-0.028180653,0.009964333,0.23407173,0
142,40018793,0.00715558499222453,-0.00678161689951679,0.707230996625798,0.706913802869435,-0.009090747,0.008109469,0.26177597,0
143,40035460,0.00714348641444717,-0.00676260704283601,0.707227095614543,0.706918010080695,-0.007170156,0.011831267,0.22884655,0
144,40052127,0.00713277423505569,-0.00674608209729282,0.707222336168763,0.706923037630014,0.0056449873,0.003687852,0.25226402,0
145,40068794,0.00712783227776217,-0.00673155736811113,0.707217579003848,0.706927985080769,-0.00059216964,-0.0069230343,0.24015617,0
146,40085461,0.00711800223148792,-0.00672001028564595,0.707219044917012,0.706926727470862,-0.01223686,0.00862225,0.23701763,0
147,40102128,0.00711831300128076,-0.0067145692677025,0.707218183107474,0.706927638207567,-0.0017869023,0.010735607,0.25306606,0
148,40118795,0.00711321756401757,-0.0067011999654258,0.707218381918061,0.706927617463139,-0.008812389,-0.00032306003,0.26216602,0
149,40135462,0.00709224667029838,-0.00669437824325692,0.70721664030349,0.706929635122866,-0.00816518,0.0034645766,0.24266624,0
150,40152129,0.00708242357610877,-0.00667064073988581,0.707223149599094,0.706923445996485,-0.008620643,-0.0035422193,0.23670101,0
151,40168796,0.00706925139924196,-0.00665667462855647,0.70722556647399,0.706921291582796,0.00297655,0.012529451,0.27292728,0
152,40185463,0.00705446034456678,-0.00664942759744806,0.70722199819251,0.706925077341628,-0.017055435,0.009582071,0.22758484,0
153,40202130,0.00705021187197245,-0.00663607731487695,0.707222996967044,0.706924245977872,-0.0060484842,-0.007205541,0.25301647,0
154,40218797,0.00703184859984003,-0.00662426511636648,0.707221360424262,0.706926176893028,-0.012433355,-0.0058565005,0.24110508,0
155,40235464,0.00701777195351755,-0.00661599550409599,0.707219184263752,0.706928571278323,-0.011498429,0.010847209,0.22652245,0
156,40252131,0.00701477255240435,-0.00660385167172844,0.707213916851236,0.70693398413223,-0.0010066464,0.0027910902,0.25440407,0
157,40268798,0.00700029661171513,-0.00660394081631641,0.70721954686571,0.706928494505705,-0.02458081,0.0022314836,0.24111748,0
158,40285465,0.00700027656489322,-0.00658940744433197,0.707216102189113,0.70693207639913,-0.0061562173,-0.0096377665,0.2606058,0
159,40302132,0.00699385103187731,-0.00656807914984312,0.707223777618745,0.706924659885831,-0.018902322,-0.013609718,0.2512846,0
160,40318799,0.00698057391646166,-0.0065557460829712,0.707221858310639,0.706926825710228,0.007525346,-0.0063812807,0.23379612,0
161,40335466,0.00696150104141367,-0.00655029698017792,0.707223881669624,0.706925040091855,-0.0047081886,-0.0061080502,0.24552345,0
162,40352133,0.00695023892450129,-0.0065407589265614,0.707222982851688,0.706926138417528,-0.018054817,2.380413e-05,0.22687912,0
163,40368800,0.0069391187066772,-0.00652681376247823,0.707225912119398,0.706923446039647,-0.01429642,-0.004016388,0.23912716,0
164,40385467,0.00693560364392088,-0.00651491123333499,0.707232286171054,0.706917213491778,-0.014317206,-0.0005145129,0.21934795,0
165,40402134,0.00693584780478074,-0.00650959078233551,0.707229541477283,0.706920006015466,0.0008088655,-0.006887845,0.24203587,0
166,40418801,0.00693101680200586,-0.00649724155980595,0.707230797899572,0.706918910031794,0.008811691,4.0833023e-05,0.24626923,0
167,40435468,0.0069270399929635,-0.00649268663176029,0.707230265148868,0.706919523846031,-0.005247609,-0.019951213,0.24390793,0
168,40452135,0.00691262548975857,-0.00648294765579992,0.707238845786677,0.706911169814751,-0.012605041,-0.0029186043,0.23832226,0
169,40468802,0.00690337307477731,-0.00647406127533308,0.707243136223654,0.706907049218866,-0.0068926364,0.0035892548,0.25248146,0
170,40485469,0.00689084386909737,-0.00645823910412166,0.7072359525895,0.706914503163762,-0.020930452,0.0028918944,0.26135635,0
171,40502136,0.00688259979006275,-0.00644698233441311,0.707234085385187,0.706916554275176,-0.010130082,-0.0018170346,0.2332573,0
172,40518803,0.00688073567783325,-0.00643443262312045,0.707238673719406,0.706912096337986,-0.008615223,-0.028624913,0.24260807,0
173,40535470,0.00687248365394749,-0.00642054692600833,0.707235221033232,0.706915757127872,-0.006111347,-0.0043097767,0.25255203,0
174,40552137,0.00687564799171369,-0.00641403961904223,0.707236476589466,0.706914529304482,-0.016472094,-0.0011989374,0.23399067,0
175,40568804,0.00685663167081685,-0.00640470295474043,0.707233239772733,0.706918036934096,-0.0071441727,-0.00448089,0.26471806,0
176,40585471,0.00684910525254555,-0.00639453043456977,0.707232663164441,0.706918778850225,0.0017134503,-0.019047732,0.24690056,0
177,40602138,0.00684698305461725,-0.00638751175254995,0.707236910154794,0.706914613960809,-0.011081157,0.0070880987,0.2471056,0
178,40618805,0.00683147966134892,-0.00637773433668428,0.707238332795094,0.706913428939911,-0.013120881,0.001335462,0.25141048,0
179,40635472,0.00681876795956123,-0.00637074054592922,0.70724203924876,0.706909906556462,-0.0005885934,0.0024663678,0.24805546,0
180,40652139,0.00680864503045928,-0.00635859143800532,0.707242587643014,0.706909564860872,-0.0081745675,0.0053556776,0.22580147,0
181,40668806,0.00680149977236737,-0.006357644595813,0.707247624367689,0.706904603028088,-0.008376064,-0.0073197978,0.24916267,0
182,40685473,0.00678943830841384,-0.00635585310537383,0.707246084593863,0.706906275601942,-0.0014236937,0.00259655,0.24450397,0
183,40702140,0.00677827290247265,-0.0063407506736962,0.707249449424074,0.706903151914531,0.0020917181,-0.008344227,0.2751131,0
184,40718807,0.00677940019884126,-0.00633123839287602,0.707247451306447,0.706905225453803,0.0009139445,-0.0094384495,0.2706766,0
185,40735474,0.00677334195997318,-0.00632318995224907,0.707249676559467,0.706903129229211,-0.013739201,-0.0125201065,0.24307919,0
186,40752141,0.00675510280373572,-0.00631120367203296,0.70725184355042,0.706901242811791,-0.005163457,0.0016739863,0.24337006,0
187,40768808,0.0067542754760946,-0.006298057766081,0.707246614778729,0.706906599286777,-0.0041207965,-0.004246299,0.25195503,0
188,40785475,0.00675218669949138,-0.00628677845570357,0.707245754397251,0.706907580436431,-0.004467409,-0.008983921,0.2573576,0
189,40802142,0.00674568312613483,-0.00627079526834008,0.707244036203601,0.706909503501193,0.00071186083,0.004737832,0.23860073,0
190,40818809,0.00673136524307932,-0.00626354282224115,0.707243904417017,0.706909836130642,-0.018449513,0.016366087,0.26320076,0
191,40835476,0.00670713623501864,-0.00626172228568791,0.707244527241407,0.706909459439199,-0.010306238,-0.011957399,0.25606728,0
192,40852143,0.00669925294818793,-0.00625804652139404,0.7072469390125,0.706907153819455,-0.0033600144,0.005960406,0.24246216,0
193,40868810,0.00668017353382042,-0.00624614431390072,0.707245256215626,0.706909123242346,0.0033331648,0.0013425166,0.24820423,0
194,40885477,0.00667644233175596,-0.00622455288517336,0.707247558313774,0.706907045741075,0.014396888,-0.0039264243,0.25153637,0
195,40902144,0.0066761592597269,-0.00622005494152531,0.707247840949666,0.706906805233971,0.007177811,-0.0031967522,0.24145126,0
196,40918811,0.00667007755675717,-0.00622517904190234,0.707246808216586,0.706907850768921,-0.012123259,-0.0022585983,0.25030804,0
197,40935478,0.00666477858232751,-0.00621571202050026,0.707249299189065,0.706905491877877,0.0010667715,-0.020509856,0.22736454,0
198,40952145,0.00665299720820059,-0.00620237069221005,0.707247513107951,0.706907506982747,-0.0039036816,0.008088292,0.25429344,0
199,40968812,0.00665308495963577,-0.00619551663324361,0.707250000161514,0.70690507800249,-0.018011205,-0.0014794043,0.25269604,0
200,40985479,0.00664762514288966,-0.00618631934077899,0.70725117942564,0.7069040300734,-0.0032494033,-0.008544705,0.26425362,0
201,41002146,0.00664057525478854,-0.00617371767430784,0.707254664354575,0.706900719846189,-0.008200411,0.0021747113,0.24414921,0
202,41018813,0.00663201116189999,-0.00615583570108062,0.707258280002082,0.706897338715648,-0.010416738,-0.0032908372,0.23940659,0
203,41035480,0.00662933586885902,-0.0061431583200602,0.707258404830761,0.706897349201452,-0.016255036,0.0047822273,0.25906372,0
204,41052147,0.00660970302584109,-0.00613973660451511,0.707251834243884,0.706904136654327,-0.007008668,0.0028348009,0.23712158,0
205,41068814,0.00660420652456893,-0.00612444099775532,0.707256645758444,0.706899506796518,-0.014316703,-0.0072726505,0.25614452,0
206,41085481,0.00659032883191196,-0.00611711326123227,0.70725283003006,0.706903517395202,-0.0070798006,-0.004291351,0.24141121,0
207,41102148,0.00659109312831575,-0.00610335985750777,0.707252878674831,0.706903580480385,0.0067642285,-0.0043851845,0.24035835,0
208,41118815,0.00657950817003474,-0.00610071254760474,0.707255913652203,0.706900674764595,-0.005722714,-0.0087210005,0.23627567,0
209,41135482,0.00657406160049099,-0.00607986583087821,0.707249608609842,0.706907213194756,-0.01875947,-0.0017008777,0.24676132,0
210,41152149,0.00656627596269985,-0.00606383304721214,0.707249059982084,0.706907972159896,-0.0007216395,0.0013596014,0.2599144,0
211,41168816,0.00654901556261758,-0.00604668993500163,0.707246649740952,0.706910690516271,-0.02041612,-0.008865292,0.24064255,0
212,41185483,0.00654169712143642,-0.0060423731661269,0.707250047684971,0.7069073956148,-0.0050298516,0.0021848392,0.21631718,0
213,41202150,0.00654283501085618,-0.00603076697253639,0.707251280093065,0.706906251186439,-0.0046492093,0.00087034545,0.2553339,0
214,41218817,0.00654673378947975,-0.00602186553415079,0.707249317444348,0.706908254575289,-0.009468232,-0.008487639,0.25040436,0
215,41235484,0.00655085818755937,-0.00601881756988662,0.7072483298771,0.706909230367039,-0.006307368,-6.2583626e-05,0.25806808,0
216,41252151,0.00654373990039964,-0.0060118458735703,0.707243909353273,0.706913778236079,-0.006523952,0.004496061,0.23366928,0
217,41268818,0.00653461405730086,-0.00599948943309669,0.707245592756446,0.70691228343568,-0.016431779,0.0026889306,0.24401474,0
218,41285485,0.00651373337302277,-0.00598251019916989,0.707243668809378,0.706914544890904,-0.004003452,0.007325777,0.23999214,0
219,41302152,0.00652117716821351,-0.00597456808607843,0.70724088584582,0.706917327678806,-0.006118444,0.011046331,0.26751423,0
220,41318819,0.00652387035263457,-0.00596869878089444,0.707244723621421,0.706913512857226,-0.008003915,0.0028160957,0.23228359,0
221,41335486,0.00651602966813604,-0.0059532641590694,0.707243038996398,0.706915400733606,-0.011222529,0.0064677387,0.24587536,0
222,41352153,0.0065186109456418,-0.00593292800078083,0.707244550584156,0.706914035612317,-5.864421e-05,0.005295441,0.26525497,0
223,41368820,0.00651316050492767,-0.00593097716406475,0.707249784103616,0.706908866216505,-0.009539589,-0.0018277353,0.23728657,0
224,41385487,0.00650893671614772,-0.00591835025503668,0.707245590910974,0.706913206136419,0.0021483786,-0.00948948,0.24599552,0
225,41402154,0.00650754983170024,-0.00590769946811633,0.707243905713262,0.706914993979921,-0.0010234099,-0.007610742,0.2297678,0
226,41418821,0.00650913255749003,-0.0059063958099316,0.707244287795598,0.70691460804144,-0.011332526,0.009400228,0.23447514,0
227,41435488,0.00650978227325995,-0.00589264746417828,0.707235555786843,0.70692345276663,-0.008831891,-0.0031667035,0.24992561,0
228,41452155,0.00649683649364462,-0.00589080737775859,0.707230568308202,0.70692857684102,-0.015499283,-0.00072859635,0.2542019,0
229,41468822,0.00648800393467974,-0.00588621586254645,0.707231050153119,0.706928214154082,-0.008929287,-0.010064453,0.25789738,0
230,41485489,0.00647879132210427,-0.0058719648061426,0.707235654837655,0.706923810476543,0.003499738,0.010262793,0.24226189,0
231,41502156,0.00646421233100155,-0.00585651531656717,0.707241147841672,0.706918576631624,-0.0024413483,-0.0054267966,0.24884129,0
232,41518823,0.00644943862304288,-0.00584760504733131,0.707247705620381,0.706912224502707,-0.0012305785,-0.009167705,0.2537737,0
233,41535490,0.00644824532893818,-0.00584260306811271,0.707251077194609,0.706908903557333,-0.009465047,-0.003410305,0.27791882,0
234,41552157,0.00643723193666191,-0.00583157164427731,0.707252106352659,0.706908065364145,-0.0037560794,-0.006151244,0.23247147,0
235,41568824,0.00643091894239601,-0.00582773269090292,0.707249313098401,0.706910949084169,-0.006471706,-0.006833196,0.2518282,0
236,41585491,0.00643021293843279,-0.005824319656674,0.707244190943511,0.706916108204334,-0.014981096,0.0005288736,0.25584412,0
237,41602158,0.00643253987145148,-0.00580656155517971,0.707247429393502,0.706912993154032,-0.009436075,-0.002976997,0.24873638,0
238,41618825,0.00641607761606399,-0.00578677166508772,0.707247323290635,0.706913411189767,-0.010424533,0.0011893823,0.25637054,0
239,41635492,0.00625935625910654,-0.0059386881107902,0.707151611546001,0.707009300314103,-0.0019592028,0.0033715952,0.2558527,0
240,41652159,0.00625677999368821,-0.00593358381686356,0.707146224105345,0.707014754457608,-0.0008316638,0.014336498,0.26260185,0
241,41668826,0.00625363153728893,-0.00593002870257006,0.707137587699316,0.707023450046019,0.0005222101,-0.0029107952,0.24382877,0
242,41685493,0.00624584437454537,-0.00592233377205286,0.707128782269609,0.707032390118474,0.0069387923,-0.00045973822,0.26014805,0
243,41702160,0.00624206883756534,-0.00591908187635317,0.70712838318619,0.707032849830086,0.007000789,0.00027070212,0.2607937,0
244,41718827,0.00623235750855488,-0.00592760114868606,0.707123465490289,0.70703778245403,0.004710703,0.0016379309,0.25430775,0
245,41735494,0.00622054209276921,-0.00593309889545177,0.707125517887642,0.707035787740411,-0.0029213424,-0.007935297,0.24615192,0
246,41752161,0.0062067059587012,-0.00593285594078829,0.707131321635426,0.707030106843877,-0.015364979,-0.0025259478,0.2532339,0
247,41768828,0.00620720166389052,-0.00592817240044808,0.707135194028092,0.707026268809262,0.0046136705,0.009360038,0.26604843,0
248,41785495,0.00619914346374638,-0.00592576243702911,0.70712790056568,0.707033654221232,-0.01388021,0.0039077047,0.26521587,0
249,41802162,0.00620059712918645,-0.00591802304183062,0.707127361813098,0.70703424512096,0.009523831,0.0004020998,0.272295,0
250,41818829,0.00620248663167337,-0.00590652656541525,0.707123074217557,0.707038612815896,-0.0060779597,0.013690155,0.2439785,0
251,41835496,0.00620265675933667,-0.005898294364229,0.707122139079978,0.707039615294415,-0.0019658522,-0.003102737,0.24939632,0
252,41852163,0.00619361387870732,-0.00588431437338854,0.707123530726213,0.707038419242385,-0.0049006892,-0.010042479,0.24977016,0
253,41868830,0.00619613608173356,-0.00587727478822659,0.707117696688398,0.70704429038697,-0.008492878,-0.00010597308,0.24573612,0
254,41885497,0.00618565542690253,-0.00587150107368853,0.70711899578451,0.707043130892866,0.012988813,0.01798585,0.25357533,0
255,41902164,0.00618760637509651,-0.00586446103409197,0.707117481373373,0.707044686819938,-0.0040455847,0.011380861,0.23791409,0
256,41918831,0.00618499293102687,-0.00586159029906089,0.707114711941486,0.707047503197288,0.00011189617,0.0037077167,0.22439957,0
257,41935498,0.00617672753951843,-0.00585661409534628,0.707108609882978,0.707053719272873,-0.007921802,-0.0042062486,0.25189877,0
258,41952165,0.00616131908468408,-0.00584640765420485,0.707106442128381,0.70705610609429,-0.013486828,0.005947526,0.23644638,0
259,41968832,0.00614640137261748,-0.0058416446911305,0.707108578224132,0.707054139044045,-0.004743504,0.0033154096,0.23832226,0
260,41985499,0.0061374605377736,-0.00584491205058605,0.707110832260435,0.707051935490756,0.010171963,-0.0017087146,0.2443018,0
261,42002166,0.0061323131674288,-0.0058318511117286,0.70710419367722,0.70705872707429,-0.0056069903,0.0065971944,0.2578106,0
262,42018833,0.00612079213170994,-0.00583228992752801,0.707106472778992,0.707056544027374,-0.0031360264,0.012658838,0.2600155,0
263,42035500,0.00612334267211118,-0.00582566164936291,0.707105574900672,0.707057474527536,-0.002912262,0.0019603064,0.24951363,0
264,42052167,0.00611082733791231,-0.00581993727611386,0.707105293380272,0.707057911484588,-0.0050790524,0.0072356313,0.23131943,0
265,42068834,0.00611272520810713,-0.00581265442935424,0.707104917602777,0.70705833079102,-0.005028734,-0.0031893484,0.25473785,0
266,42085501,0.00610182898667341,-0.00581202869397209,0.707106711825807,0.707056635706343,-6.53496e-05,-0.0112784775,0.2342186,0
267,42102168,0.0060936548833344,-0.00580252245653513,0.707107358044016,0.707056138014031,-0.010701633,-0.0036096922,0.25478268,0
268,42118835,0.00608068890960375,-0.00580623080087636,0.707108133049839,0.70705544413507,-0.009446775,-0.0044085835,0.25525188,0
269,42135502,0.00607493306513308,-0.00580888761004911,0.707111190378888,0.707052414219724,-0.016711198,-0.01678961,0.24276638,0
270,42152169,0.00606710109136906,-0.00580141798046934,0.707107112320252,0.707056621169675,-0.008052864,0.002347892,0.240448,0
271,42168836,0.00605509202969996,-0.00580178832813946,0.707113284649831,0.707050548252693,-0.0047414643,0.009126942,0.26071453,0
272,42185503,0.00604095687002325,-0.00578682918276838,0.707109838373347,0.707054238318195,0.0012663965,-0.0072144116,0.23260689,0
273,42202170,0.00604847044726848,-0.00577878994759938,0.707110343798702,0.707053734368805,0.0011273714,-0.013642351,0.23996925,0
274,42218837,0.00604136736252627,-0.00576079780350419,0.707108870253439,0.707055415577848,0.00881102,-0.008938339,0.26479435,0
275,42235504,0.00603719015984229,-0.00575405995275059,0.707115099827208,0.707049276023526,-0.00021451656,-0.0028244215,0.25797176,0
276,42252171,0.00603486908481539,-0.00574588874818826,0.707114199051229,0.707050263148075,-0.010952023,0.0012642032,0.24327374,0
277,42268838,0.00602877947003301,-0.0057386491364372,0.707109927828029,0.707054645477441,-0.0025067257,-0.0018073537,0.24069786,0
278,42285505,0.00602943830322462,-0.0057272752503174,0.707109598724099,0.707055061211076,-0.002719566,0.008114261,0.2363596,0
279,42302172,0.00602580705203314,-0.00572389890792314,0.707107483601186,0.707057234787865,-0.0060653314,0.0013504094,0.2525587,0
280,42318839,0.00602283656215079,-0.00571039963571714,0.70710449136038,0.707060361690375,-0.0060794964,0.007920838,0.24312782,0
281,42335506,0.00601724670713107,-0.00569856933160745,0.707102931597699,0.707062064585265,-0.0024883698,0.0017087566,0.24734497,0
282,42352173,0.00600750234161749,-0.00569552075185254,0.707104363266034,0.707060740254412,-0.0068468163,3.338725e-05,0.25042343,0
283,42368840,0.00598746098548916,-0.00569337981657211,0.707106381061655,0.707058909567726,0.014637919,-0.0054544145,0.23302555,0
284,42385507,0.00597382755061595,-0.005698497319118,0.707104903053039,0.7070604617648,-0.010232619,-0.0117720645,0.24209309,0
285,42402174,0.00597431171830796,-0.00568526767873567,0.707101395005319,0.707064072423741,0.011313443,-0.0011388824,0.24274254,0
286,42418841,0.00596857479179154,-0.00568337731394124,0.70709715976788,0.707068371506928,0.0051964247,0.006585013,0.2590351,0
287,42435508,0.00596426955474664,-0.00569206275436591,0.707100134468703,0.70706536313457,-0.00733902,-0.008920193,0.2322321,0
288,42452175,0.00595363383590977,-0.00567459774076178,0.707097827704003,0.707067900021567,-0.007444071,0.0054979576,0.23895454,0
289,42468842,0.00594221686529392,-0.0056643761083517,0.707099057892231,0.707066847780285,-0.008402774,0.0078044855,0.25394726,0
290,42485509,0.00594021494108363,-0.00565952185710129,0.707096606265239,0.707069355202857,-0.006440051,0.0047101164,0.2614565,0
291,42502176,0.00593443518253729,-0.00566203633849099,0.707089856519165,0.707076133546644,-0.009496702,-0.003708024,0.24272537,0
292,42518843,0.00594242564745589,-0.00565187254322007,0.707089327233427,0.707076677049073,-0.015032727,0.0064964457,0.25833702,0
293,42535510,0.00596012784480872,-0.00565432695894919,0.707096057896008,0.707069777582553,-0.0009184706,0.0010699426,0.24239159,0
294,42552177,0.0059490853413638,-0.00564751908762003,0.707095505977835,0.707070476924123,-0.005963996,0.0033283734,0.24238777,0
295,42568844,0.00594867794903792,-0.00565198570594504,0.707095391521476,0.707070559122163,-0.009971332,0.0003403404,0.24020767,0
296,42585511,0.00593790069882988,-0.0056487194018148,0.707093054830935,0.707073012576683,-0.0017029173,0.0021237922,0.24017239,0
297,42602178,0.0059357908325579,-0.0056494308637634,0.707090988765612,0.707075090725573,0.0005535019,0.004900284,0.24831009,0
298,42618845,0.00592833983195001,-0.00564723445292582,0.707087457096627,0.707078702512313,-0.0061698235,0.0062554292,0.24335575,0
299,42635512,0.00592469318182796,-0.00564040914214208,0.707082622668377,0.707083622010735,0.014186507,0.0030800505,0.23041916,0
300,42652179,0.00590809797857275,-0.0056411296711957,0.707077743093095,0.707088634653878,0.005698882,0.0045140814,0.2383213,0
301,42668846,0.00591212262149305,-0.00564350937439993,0.707079239134323,0.707087086003752,-0.018190267,0.006797504,0.24926758,0
302,42685513,0.00590177734017148,-0.00565002340266107,0.707076435521203,0.707089923977429,-0.012625632,0.0009873406,0.25435543,0
303,42702180,0.00590368502968421,-0.00564420273842576,0.707072686767741,0.707093703200336,-0.0070694075,0.0062952284,0.23546028,0
304,42718847,0.00588836660466043,-0.00563808305231071,0.70707173106082,0.707094835430779,-0.012322102,0.0038145,0.2396326,0
305,42735514,0.00588491685399788,-0.00562461207289907,0.707069075773962,0.707097626623655,0.003203248,0.0048224735,0.2334547,0
306,42752181,0.00588018228260276,-0.00562150099253349,0.707059570189904,0.707107195823789,-0.00014092492,0.012804583,0.2488985,0
307,42768848,0.0058706682323287,-0.00562290426502968,0.707061525888763,0.707105308147227,0.00885522,0.0003926564,0.25970268,0
308,42785515,0.00585873383296281,-0.00561095437667439,0.707059962696918,0.707107065146355,-0.011440595,0.0010241223,0.23406696,0
309,42802182,0.0058491845876258,-0.00559695302147284,0.707059286212671,0.707107931603771,0.012800783,0.007777748,0.23725224,0
310,42818849,0.00584856328441738,-0.00558425415830637,0.707050990317975,0.707116332369274,-0.0042424435,0.0047279554,0.2200737,0
311,42835516,0.00583646894346607,-0.00557951532885783,0.707046599057944,0.707120860532032,0.0042947456,-0.0010611836,0.24173546,0
312,42852183,0.0058357324042328,-0.00558247177470323,0.707055960845604,0.707111482348357,0.005918204,0.005241644,0.25074768,0
313,42868850,0.00581925419725069,-0.00557655377700552,0.707058056640989,0.707109569209488,-0.007053091,-0.0026654478,0.26428127,0
314,42885517,0.00580579508722732,-0.00557036984153937,0.707055834464063,0.707111950594502,0.012888819,-0.01779409,0.24377441,0
315,42902184,0.0058018210336786,-0.00556919015811248,0.70705337275446,0.707114454010254,-0.007388416,0.0125530185,0.24763203,0
316,42918851,0.00579250646852675,-0.00556402279479066,0.707051424427116,0.707116519206515,0.0047403467,0.0034727347,0.25405788,0
317,42935518,0.00579147523476633,-0.00555650577393946,0.707050130072923,0.70711788099443,-5.895154e-05,0.008818215,0.22834492,0
318,42952185,0.00579236019698532,-0.00554773975898211,0.707047451167152,0.707120621213205,-0.0074163275,-0.000500208,0.21448803,0
319,42968852,0.00577310578493037,-0.00554007878066518,0.707050603632972,0.707117686583323,0.0015873052,-0.00088562816,0.23706341,0
320,42985519,0.00576017847136042,-0.00554587431171969,0.707047630058322,0.707120719856947,-0.0051323045,0.004227678,0.2507019,0
321,43002186,0.00575099834039152,-0.00553806006428922,0.707046052908073,0.707122432804905,-0.008265062,0.004467912,0.25395298,0
322,43018853,0.00573122806751539,-0.00553827423009857,0.707047247057377,0.707121397619938,0.008175266,0.007787261,0.24410343,0
323,43035520,0.00572050441519487,-0.00553400076291958,0.707054536250529,0.707114229408758,0.0037369411,-0.0070750513,0.2300396,0
324,43052187,0.00571782414114187,-0.00553041748641582,0.707058686442579,0.707110129255416,-0.009313505,0.016221313,0.24638653,0
325,43068854,0.00570368238680146,-0.00553504247054342,0.707059045987277,0.707109847760333,0.004663961,-0.0045631984,0.23610783,0
326,43085521,0.00569589899807791,-0.00554110782899514,0.707058243408918,0.707110665515749,0.013568214,-0.0017132827,0.22504616,0
327,43102188,0.00568825848969641,-0.00552916598626345,0.707053459239135,0.707115604280392,0.0014079361,-0.00026109107,0.24916935,0
328,43118855,0.00567933701484006,-0.00553503198577038,0.707055773995717,0.707113315538115,-0.0056594317,0.009724784,0.26862335,0
329,43135522,0.00567254261880336,-0.00552814505245691,0.707053666679613,0.707115531089108,2.6123076e-05,-0.0066664275,0.24523926,0
330,43152189,0.00566891789490991,-0.00553010296609329,0.707054322465555,0.707114889119059,-0.0033242244,-0.00020248877,0.26007748,0
331,43168856,0.00566431372260632,-0.0055135533204227,0.707056202591566,0.707113175281461,-0.0022336207,-0.00027768692,0.2627716,0
332,43185523,0.00565535970576986,-0.00550469798821937,0.707050946501708,0.707118571568938,0.006037001,0.003004447,0.24874401,0
333,43202190,0.00564511295909671,-0.00550021778405775,0.707047073294585,0.707122561123296,0.0047413525,-0.008258776,0.28431416,0
334,43218857,0.00564215617317612,-0.00549338021817669,0.707044884380843,0.707124826546471,-0.0057756584,0.00867078,0.24057579,0
335,43235524,0.00563947725612317,-0.00548630588901072,0.707042910401364,0.707126876589441,0.009688113,0.013229368,0.23914051,0
336,43252191,0.00563865752999456,-0.00546890247736392,0.707040990706715,0.707128937399269,-0.004502445,0.016253792,0.24884129,0
337,43268858,0.00562574190168913,-0.00546103788458908,0.707037854515929,0.707132236837489,0.006527975,0.02100616,0.26663017,0
338,43285525,0.00562256268214464,-0.00545621975290647,0.707033973683356,0.707136179609286,-0.004200004,4.2090283e-05,0.2355423,0
339,43302192,0.00561609705980913,-0.00544896472364104,0.707035107815959,0.707135152960826,-0.009626368,0.008708232,0.26505756,0
340,43318859,0.00560825678198488,-0.00545483273442191,0.707036387571124,0.707133890367364,-0.0018483683,0.0056009972,0.25021362,0
341,43335526,0.00560096244485658,-0.00544742130175282,0.707033865161469,0.707136527366312,0.0018642657,0.011005191,0.24564266,0
342,43352193,0.00560018648788554,-0.00544117391816662,0.70704052940856,0.707129918269166,0.00096278207,0.012649255,0.24616814,0
343,43368860,0.005593274964642,-0.00544396316993567,0.707037530210248,0.707132950310171,-0.0010966663,0.003318832,0.23682213,0
344,43385527,0.00559023604094664,-0.0054366840795612,0.707038908964333,0.707131651771967,0.003494597,0.009322725,0.255023,0
345,43402194,0.00558356768659499,-0.00543238313941802,0.707030405118468,0.707140240138638,0.004006833,0.009377975,0.26375675,0
346,43418861,0.00558319465854185,-0.00542376859982691,0.707031366183366,0.707139348293152,-0.012521895,0.00035039848,0.24100494,0
347,43435528,0.00557424680719319,-0.00541779148005606,0.707032257557042,0.707138573464779,0.016128667,0.003011879,0.25417137,0
348,43452195,0.00557440676840284,-0.00541861189966534,0.707029627889789,0.70714119517978,0.016391657,0.009086863,0.25289822,0
349,43468862,0.00555431007049127,-0.00541642992483956,0.707027639766305,0.707143357837007,0.0019093874,0.01391554,0.23766804,0
350,43485529,0.00554556907149807,-0.0054082540887675,0.707028472786219,0.707142656131683,0.003731409,0.010190627,0.24708271,0
351,43502196,0.00553751801958718,-0.00540052509782211,0.707036355366558,0.707134896899329,-0.0021375383,-0.0013892448,0.26397228,0
352,43518863,0.00554302545339087,-0.00539427823118962,0.70703748583255,0.70713377112027,0.00014441731,0.003092218,0.23564148,0
353,43535530,0.00553784263984774,-0.00539056343720686,0.707039549148649,0.707131777015006,-0.0043280767,0.011202386,0.23285198,0
354,43552197,0.0055308432713667,-0.00538456046409156,0.707039100486977,0.707132326134143,-0.006715866,0.0066153547,0.23837948,0
355,43568864,0.00553179840529923,-0.00537996129942867,0.70703612105075,0.70713533269971,-0.007386712,0.025329815,0.24701023,0
356,43585531,0.00552645427981144,-0.00537845955404764,0.707036753952491,0.707134753096072,-0.0076848227,-0.00017674288,0.2614975,0
357,43602198,0.00551678313307125,-0.00537163233185595,0.707043306740809,0.707128328567719,-0.009233013,0.0005623027,0.2464552,0
358,43618865,0.00551690361689826,-0.00536016868860363,0.707037605598874,0.707134115027074,0.004157425,0.0080494,0.24987698,0
359,43635532,0.00558858617799738,-0.00531323075498626,0.707085290652542,0.707086224605094,-0.0031239847,0.017221576,0.25375462,0
360,43652199,0.0055811872229708,-0.0053135758254214,0.707084442082471,0.707087129020214,-0.015248501,0.0028146289,0.22771263,0
361,43668866,0.00556434693189999,-0.00531395386052078,0.707075361865359,0.707096338967019,-0.0015804042,0.012723489,0.25201225,0
362,43685533,0.0055623158630794,-0.00530301412332043,0.707074870911032,0.707096928015951,-0.009617986,0.005268284,0.23108673,0
363,43702200,0.00554794259538861,-0.00529804231065414,0.707072440961446,0.707099508070438,-0.006929712,0.011025056,0.2406578,0
364,43718867,0.0055331341617663,-0.00529279681368064,0.707067796553806,0.70710430758466,0.0036665066,0.004828173,0.23536968,0
365,43735534,0.0055371523041586,-0.00528787083083755,0.707069342680798,0.707102766935175,-0.006455166,-0.003030654,0.23479652,0
366,43752201,0.0055362816284626,-0.00528774180110166,0.707069573350026,0.707102544059196,-0.0020580795,0.006689072,0.24134064,0
367,43768868,0.00552079652315741,-0.00527813008501994,0.707065191436598,0.707107118622972,-0.015493192,0.01025761,0.25770664,0
368,43785535,0.00550540324280403,-0.00526951574075406,0.707065828750218,0.707106665611886,-0.0100159785,-0.00048256447,0.22741127,0
369,43802202,0.00549895878039611,-0.0052640877086052,0.70706451559952,0.707108069260239,0.0007015233,0.0007697507,0.2498846,0
370,43818869,0.00549838694444269,-0.00526496581445477,0.707062483754266,0.707110098883639,0.00453762,0.0047615105,0.251544,0
371,43835536,0.00550122487002578,-0.00526259561201872,0.70706702652387,0.707105551961691,0.0040322575,-0.0056343284,0.22486019,0
372,43852203,0.00549281191483322,-0.00526471006134819,0.707062581412597,0.707110046464758,0.0011267568,0.003700285,0.23081493,0
373,43868870,0.00548839264019657,-0.00527421855047903,0.707065588104709,0.707107003418189,0.009570266,0.001358875,0.24891186,0
374,43885537,0.00548501054969127,-0.00526808857460044,0.707065340237402,0.707107323209855,-0.00242858,0.0070208213,0.24512959,0
375,43902204,0.00547608676590455,-0.00526208257955056,0.707068270776682,0.707104506718442,-0.0013378089,0.0020681375,0.24262428,0
376,43918871,0.00546351530617516,-0.00525745940866103,0.707069840871754,0.707103068336333,0.010690904,0.013348292,0.25145054,0
377,43935538,0.00545959885343693,-0.0052439495877549,0.707074168559505,0.707098871395624,0.012893513,0.012889727,0.2602911,0
378,43952205,0.00545243485494474,-0.00523222564272577,0.70707632445383,0.707096857697613,0.0025300828,0.0058210315,0.24513912,0
379,43968872,0.00544545708862648,-0.0052408431521864,0.707079904793574,0.707093267396361,0.0092665395,0.0021478478,0.24631596,0
380,43985539,0.00544327445966474,-0.0052394128285143,0.707085095415893,0.70708810423954,0.008993267,-0.0045732707,0.22358894,0
381,44002206,0.00543529382224389,-0.00523195514239413,0.707085859692951,0.707087456577144,0.0028436994,0.0031953412,0.25090122,0
382,44018873,0.00542007316722029,-0.0052301277828397,0.707082810119795,0.707090636483988,-0.0029663802,-0.002144062,0.2487402,0
383,44035540,0.00541797538792941,-0.00522567676297286,0.70707855348906,0.707094942027506,-0.013580033,-0.00045082564,0.23522854,0
384,44052207,0.00541948649521493,-0.00522675755219278,0.707079191256625,0.707094284705721,0.0012896698,0.0034636685,0.25057888,0
385,44068874,0.00542415573217582,-0.00522101471031223,0.707078527949271,0.707094954622842,0.0067580817,0.016214259,0.24401474,0
386,44085541,0.00540968334552969,-0.00521855081911501,0.707084026707155,0.707089585009598,-0.018405873,0.013346015,0.25697327,0
387,44102208,0.00539762626157906,-0.00521098941612328,0.707077408800943,0.707096350707165,0.0066183303,0.009809313,0.24143314,0
388,44118875,0.00539142442752615,-0.00520380788532809,0.707077763714151,0.707096096006144,0.011141785,0.0016132466,0.25720406,0
389,44135542,0.00540427908265418,-0.00520151790656043,0.707072936890661,0.707100841391014,0.0013609984,0.0032164352,0.23218155,0
390,44152209,0.00540204581861102,-0.00520663584927278,0.707078099625963,0.707095658219907,-0.0018717534,0.010412896,0.2524767,0
391,44168876,0.00539838596612588,-0.00519434151117642,0.7070790774678,0.707094798773482,0.009462225,0.0015272081,0.24486828,0
392,44185543,0.00538786002736874,-0.00518949282408405,0.707080231971726,0.707093760178496,-9.362399e-05,-0.00022750825,0.24307156,0
393,44202210,0.00538465659591127,-0.00518106049442223,0.707081974619545,0.7070921037981,-0.005485846,0.0073671965,0.23317432,0
394,44218877,0.00537393553338962,-0.00518964075248022,0.707076322485059,0.707097774446185,0.00090064545,0.0037104269,0.23416233,0
395,44235544,0.00536550249642448,-0.00517756061743648,0.707070816945793,0.707103432372253,0.005538791,0.0028770587,0.24667263,0
396,44252211,0.00535388481785404,-0.00517975004421357,0.707074809860568,0.707099511644209,0.0082362285,0.0101564145,0.24529171,0
397,44268878,0.00535404469946939,-0.00517309981812671,0.7070805706044,0.707093798528444,-0.0038349794,0.013055825,0.23603344,0
398,44285545,0.00534357033252552,-0.00516525714677745,0.707078818518625,0.707095687143554,-0.002281648,0.0030879013,0.23489857,0
399,44302212,0.00533760223805513,-0.00515716822656295,0.707081102396641,0.707093507431501,-0.0012375074,-0.005089418,0.25857353,0
400,44318879,0.00533429943094416,-0.0051635433458737,0.707078884099563,0.707095704081288,0.004915357,-0.0044920514,0.24075985,0
401,44335546,0.00533271688333128,-0.0051608720567872,0.70708015772506,0.707094461922705,0.0014369369,0.0017302836,0.23427677,0
402,44352213,0.00533874158388008,-0.00515536085429895,0.707076747967066,0.707097866336111,0.003524464,0.0014585757,0.2539034,0
403,44368880,0.00534373042203579,-0.00515254111408878,0.707075123538062,0.707099473581249,0.0035005761,0.006200305,0.2570877,0
404,44385547,0.00533974576128034,-0.00514781122000917,0.707077345408165,0.707097316333042,-0.011916705,0.004022591,0.24437809,0
405,44402214,0.0053342339687491,-0.00514201415260389,0.707075237427282,0.707099508029509,0.0058193556,-0.0059112613,0.23288155,0
406,44418881,0.0053272855844994,-0.00512894247821717,0.707079426746394,0.707095466149619,0.0043936223,0.00080730085,0.24458504,0
407,44435548,0.00532234711570086,-0.00513051716466039,0.707078469215783,0.707096449422756,-0.0030351663,-0.0038331912,0.24704933,0
408,44452215,0.00531409625656007,-0.00513041441434631,0.70707641033607,0.707098571045913,0.011484291,7.859274e-05,0.24435902,0
409,44468882,0.00530662686141202,-0.00512850310718263,0.707074678812836,0.707100372471235,0.010703812,-0.0031786615,0.23824692,0
410,44485549,0.00530856151793701,-0.0051165730467696,0.70707652778962,0.707098595461653,0.014417703,-0.015867533,0.24179268,0
411,44502216,0.00530386101344068,-0.0051139199916419,0.707070738306244,0.707104439182595,0.01019018,0.00056733174,0.25862312,0
412,44518883,0.00530054880386613,-0.00510081641783309,0.707072428986953,0.707102868061458,0.014467156,-0.0009864884,0.2405119,0
413,44535550,0.00529689261001116,-0.00509529211227986,0.707070946546315,0.707104417661965,0.0023763897,-0.0032645883,0.23526955,0
414,44552217,0.00529691269527714,-0.00508413889430757,0.707067558629913,0.707107885531435,-0.0029244714,0.0057110074,0.23888683,0
415,44568884,0.00528528886009466,-0.00508389070018565,0.707062734031494,0.707112798583736,0.016809124,-0.011913059,0.2623701,0
416,44585551,0.00528316854067731,-0.00506782929427686,0.707061861843176,0.707113801847536,0.0091181,0.009901219,0.25254154,0
417,44602218,0.00528063145488004,-0.00506421983615316,0.707060337335495,0.707115371050512,0.0044338824,0.008620713,0.2605362,0
418,44618885,0.0052718567460938,-0.00504404594361896,0.707060865704107,0.707115052390151,-0.0063803447,-0.004050781,0.25598526,0
419,44635552,0.00527844926327123,-0.00503721659634068,0.707067616466349,0.707108301582531,0.010251505,-0.0045457506,0.230237,0
420,44652219,0.00527086954093939,-0.00504201337124436,0.707067060810457,0.707108879559795,-0.007101789,0.00771807,0.21994972,0
421,44668886,0.00526941065334217,-0.00503588367150563,0.707073355098582,0.70710264014261,0.0005381633,0.0010292771,0.25733566,0
422,44685553,0.00526372002603026,-0.0050293774619047,0.707062523324594,0.707113559991386,-0.0020717694,-0.006037434,0.25052738,0
423,44702220,0.00526639613668895,-0.00501420930188724,0.707058928839978,0.707117241993484,-0.0057436125,-0.004727704,0.22562313,0
424,44718887,0.00526950501679105,-0.00501685459490277,0.707059899025321,0.707116229963048,0.0068385745,-0.002575414,0.23029709,0
425,44735554,0.00526974694712001,-0.00502286548923078,0.70706238114723,0.707113703555376,0.0061640963,0.008793377,0.263299,0
426,44752221,0.00526657627410821,-0.00501896580092022,0.707052227255417,0.707123907875976,-0.0058935336,-0.007929765,0.23594189,0
427,44768888,0.00527169897937301,-0.00501263356220179,0.707054514639315,0.707121627460795,-0.016632633,0.012991817,0.21423817,0
428,44785555,0.00526301049981327,-0.00501806262292344,0.707056806432335,0.707119362092213,-0.005512137,0.0029395726,0.23623848,0
429,44802222,0.00525696707905562,-0.00502251888903943,0.707055120578284,0.707121061109883,0.0050814273,-0.0010707108,0.25498104,0
430,44818889,0.0052560307088362,-0.00502537859962451,0.707054655924875,0.707121512362674,0.008076613,-1.9878684e-05,0.2677536,0
431,44835556,0.00525518815660919,-0.00501938502910554,0.707052316012726,0.707123900877639,0.006334441,0.00040327324,0.2579546,0
432,44852223,0.00524527689154728,-0.00502408373183717,0.707050770137884,0.707125486812922,-0.011414946,0.005888016,0.22594929,0
433,44868890,0.00523462642528045,-0.00503004353295732,0.707044870674821,0.707131422156214,0.0016609527,-0.006569325,0.19800091,0
434,44885557,0.00526486824432065,-0.00499716573738794,0.707044056160573,0.707132245159961,0.004436369,-0.0062639364,0.30734825,0
435,44902224,0.00521398978853974,-0.00502899159256081,0.707051671865069,0.707124781680615,-0.009753211,0.005671879,0.21700954,0
436,44918891,0.00522792642246241,-0.00499927396346695,0.70705114059408,0.707125420720943,-0.003557069,-0.0013098837,0.21261692,0
437,44935558,0.00524514043359564,-0.00497736604396639,0.707051938312194,0.707124650155873,0.006654791,0.0027109329,0.28628445,0
438,44952225,0.00522581832319459,-0.0049848784804702,0.707048689635593,0.707127988622978,-0.017493661,0.0051029404,0.23433971,0
439,44968892,0.00523231640485902,-0.00497923568821552,0.707043355296681,0.707133314027709,0.013848332,-0.000444693,0.26467705,0
440,44985559,0.00521875792083835,-0.00497563576161929,0.707044513413752,0.70713228158955,-0.004327993,0.00804324,0.22193623,0
441,45002226,0.0052322474317378,-0.00496663605293944,0.707040233092144,0.707136524938528,-0.0017380088,-0.003491496,0.25923443,0
442,45018893,0.00521794841971377,-0.00496880159767641,0.707042444962564,0.707134403806187,0.009305543,-0.0053254757,0.24769306,0
443,45035560,0.00521215100473509,-0.00496424068183955,0.707042081686239,0.707134841823783,0.0033503475,-0.0016450973,0.25206375,0
444,45052227,0.00520852298753794,-0.00496540531458294,0.707045732673523,0.707131209851828,-0.009856279,-0.0115066,0.2310934,0
445,45068894,0.00520162703988496,-0.00494516266704222,0.707039124859981,0.707138009415112,0.01067632,0.007602779,0.24127865,0
446,45085561,0.00519519161888832,-0.00494506063355104,0.707039679792485,0.707137502582286,0.0031277845,-0.0029758236,0.26090145,0
447,45102228,0.00518732828698605,-0.00495125106817038,0.707039093957563,0.707138102744981,0.019287687,0.0023393284,0.25667572,0
448,45118895,0.00519897075987571,-0.00494670100764548,0.707039004519594,0.707138138513346,-0.0031016893,0.009585242,0.24383354,0
449,45135562,0.0051984190146144,-0.00493674895695766,0.707035753720658,0.707141462445913,0.003953302,0.012148642,0.2476492,0
450,45152229,0.00518788150278989,-0.00493337322372461,0.707035722816812,0.707141594290037,-0.0052339192,0.0045861225,0.24956036,0
451,45168896,0.00518383637973523,-0.00492488787821942,0.70703782055144,0.707139585675731,0.00072909927,-0.015440107,0.25321102,0
452,45185563,0.00517217172297843,-0.00491069376101836,0.707033359701511,0.70714422998116,0.0010905756,0.010402153,0.247612,0
453,45202230,0.0051704259627909,-0.00489730091818162,0.707037779146424,0.707139916847276,-2.8050876e-05,-0.0009657576,0.23873329,0
454,45218897,0.00517588448267725,-0.00489367079893608,0.707032790686406,0.707144889750415,-0.004797957,0.0016915461,0.272151,0
455,45235564,0.00515405107926535,-0.00489453831758928,0.707034627026611,0.707143207163493,0.0136852795,0.0039054558,0.2513237,0
456,45252231,0.00515165162344265,-0.0048989250294265,0.707040314399909,0.707137507725608,-0.005108137,-0.0036739523,0.24053478,0
457,45268898,0.00515423511427986,-0.00490084019756037,0.707043898611653,0.707133891891614,-0.002420785,0.011128905,0.24075794,0
458,45285565,0.00515264300851005,-0.00489542712621314,0.707044865892814,0.707132973830163,0.00084222475,0.011221565,0.25094032,0
459,45302232,0.00514591045756791,-0.00489069901791136,0.70704505807954,0.707132863409684,-0.0033246435,0.006167016,0.24263,0
460,45318899,0.00514657460541784,-0.00488658073452677,0.707041667343903,0.707136277345541,-0.0032334782,-0.00417701,0.25327682,0
461,45335566,0.00514440476931355,-0.00489735202336115,0.707051786146548,0.707126101024212,0.0077981716,0.016126012,0.25492764,0
462,45352233,0.00514718805156778,-0.00489385407494283,0.707046813738015,0.707131076838216,0.005719557,0.0032820224,0.24952793,0
463,45368900,0.00514907999438268,-0.00488560178941741,0.707045874906695,0.707132058846007,-0.0062333294,0.0015559854,0.25680733,0
464,45385567,0.00513339029767935,-0.00489218182358959,0.707046054611834,0.707131947743062,-0.0013587353,-0.008381833,0.23204613,0
465,45402234,0.00513189581699019,-0.00488112040353523,0.707050332946085,0.707127757190849,0.0051420275,0.009137112,0.2537794,0
466,45418901,0.00513088365270701,-0.00487533563782906,0.707048352231445,0.707129784934957,-0.0016993132,0.009496576,0.2521267,0
467,45435568,0.00512171521040063,-0.00486346587529874,0.7070432008054,0.707135083932227,-0.0009714991,-0.0034688094,0.2487402,0
468,45452235,0.00511258475341664,-0.00486394014085471,0.707048443691777,0.707129904498799,0.010363905,-0.0025279874,0.23586845,0
469,45468902,0.00510527021368763,-0.00486361729356912,0.707036837020042,0.707141564709332,0.00939587,0.006310511,0.23767471,0
470,45485569,0.00510060143666645,-0.00487529730352501,0.707035025849812,0.70714332886816,0.00087150495,0.0038692048,0.24614906,0
471,45502236,0.00509763023193305,-0.00486819308231405,0.707031419075511,0.707147005439605,-0.0075830403,-0.0039697858,0.25244522,0
472,45518903,0.00509187669439079,-0.00486856873616725,0.707025329297228,0.707153133035792,0.002870968,0.002673173,0.26949215,0
473,45535570,0.00508047627618608,-0.00486747644369675,0.7070256915253,0.707152860389498,0.014705001,-0.0067880047,0.26178265,0
474,45552237,0.0050725479354771,-0.00487883631194977,0.707021897323281,0.707156632521446,0.0044457563,0.0044369837,0.2591095,0
475,45568904,0.00507013787621043,-0.0048830754907347,0.707020316269525,0.707158201294314,-0.006103552,-0.005121492,0.2556429,0
476,45585571,0.00505953535618676,-0.00487934245503061,0.707017073598998,0.70716154502256,-0.00079986907,-0.00040529884,0.24947357,0
477,45602238,0.00505190602921333,-0.00487805244236749,0.707016422709074,0.70716225922309,-0.00078835816,-0.0023775352,0.25857925,0
478,45618905,0.00504553385109328,-0.00488691924046606,0.707019486714792,0.707159180110141,0.010265755,0.0055362904,0.26702023,0
479,45635572,0.0051200339542973,-0.00488070845825623,0.707047744957891,0.707130433715883,0.0026290433,0.007759238,0.23729897,0
480,45652239,0.00512232725098144,-0.00487446816992827,0.707046865676577,0.707131339328503,0.016227264,0.0019162464,0.24394321,0
481,45668906,0.00511537547765372,-0.00487819396290445,0.70704896758352,0.707129262296832,0.0053612376,-0.0017642855,0.24088192,0
482,45685573,0.00512019608559252,-0.00488321305461256,0.707048424293875,0.707129735993231,-0.012333054,0.0055620503,0.23843765,0
483,45702240,0.00512236103055338,-0.00488036148943054,0.707052854766183,0.707125310009617,0.004908764,0.005759468,0.23875046,0
484,45718907,0.00511324874746396,-0.00487970245923215,0.707049582365153,0.707128652557948,0.0048546456,-0.007814795,0.24293709,0
485,45735574,0.0051094783031692,-0.00488156208580135,0.70704086387333,0.707137384386038,0.0038821406,0.002353284,0.23547077,0
486,45752241,0.00510996689414444,-0.00487864104085987,0.707041888435504,0.707136376590465,0.00064801995,0.0041014208,0.24744892,0
487,45768908,0.00510058527125735,-0.00487844453647486,0.707043960229138,0.707134374155502,-0.0018175235,-0.0013003425,0.24472332,0
488,45785575,0.00510462183921416,-0.00487417743180875,0.707039786667496,0.707138547456879,0.0004637894,0.0077559412,0.24582958,0
489,45802242,0.00510274198521383,-0.00486224740514408,0.707031244809126,0.707147183716418,0.0033574998,-0.0018275956,0.28466892,0
490,45818909,0.00510563195209408,-0.00487627121933094,0.707025714505403,0.707152595646435,-0.01370207,-0.0032828327,0.22820091,0
491,45835576,0.00510134269672603,-0.00486102262989306,0.707020842923927,0.707157602259088,0.003707633,0.00477256,0.23288631,0
492,45852243,0.00508614351048532,-0.0048620253517681,0.707015897481413,0.70716264929804,0.0034434965,0.006717207,0.24759197,0
493,45868910,0.00509050675996972,-0.00486152801084026,0.707011824242636,0.707166693692108,-0.0029225715,0.014911918,0.24645138,0
494,45885577,0.0050918084326028,-0.00484900557112512,0.707008743367995,0.707169850483649,-0.012200706,0.016041245,0.24412537,0
495,45902244,0.0050970727614683,-0.0048489128361113,0.707007408796681,0.7071711474602,0.007702145,0.0013033319,0.25927258,0
496,45918911,0.00509748747996405,-0.00485566801758139,0.707010778875638,0.707167728804955,0.010795229,0.011591033,0.23561287,0
497,45935578,0.00509453476307301,-0.00486021765041926,0.707012839040959,0.707165659114737,0.0076616053,0.0044422643,0.24323273,0
498,45952245,0.00509466096937958,-0.0048580390345761,0.707012231540125,0.707166280544398,0.0066641225,0.007139353,0.2516327,0
499,45968912,0.00510186454520364,-0.00485622843549835,0.707014422450789,0.70716405060645,0.006788871,0.001900377,0.2498684,0
500,45985579,0.00511101926304129,-0.00485380165602011,0.707017647818302,0.70716077646109,-0.0025521547,-0.004023471,0.23922443,0
501,46002246,0.00510658196150604,-0.00485925035514929,0.707020414099511,0.707158005365995,1.2656421e-05,9.896036e-05,0.27299118,0
502,46018913,0.00510025872761854,-0.00486365568436137,0.707018960316867,0.707159474211265,-0.005721485,0.0019544112,0.2498169,0
503,46035580,0.00509994479784638,-0.00484580757298552,0.707021006956516,0.707157552766156,-0.00086320704,0.018853158,0.26472378,0
504,46052247,0.00510113201830183,-0.00484608088818316,0.707015729354528,0.707162818873731,0.0077774688,-0.0011492617,0.24930477,0
505,46068914,0.00510608033310313,-0.00484364073655983,0.707010496173784,0.707168031933109,0.002570902,0.0020294557,0.26415634,0
506,46085581,0.00509975250809837,-0.00483857186667609,0.707017172721439,0.707161437172326,-0.0042573907,0.0063849967,0.2602644,0
507,46102248,0.00509134442271566,-0.00483545629526185,0.707013247750626,0.707165443216435,-0.0077365376,-0.015677953,0.22461987,0
508,46118915,0.00508565777718656,-0.00483925758309658,0.707014546985745,0.707164159174912,-0.0044183205,0.00023875374,0.2422781,0
509,46135582,0.00507946669786979,-0.00483965969489669,0.707013571849815,0.707165175848096,0.0009896874,0.01313974,0.23799896,0
510,46152249,0.00507542905271249,-0.00483021759690919,0.707008816252608,0.707170023939776,0.0001916903,0.01868358,0.2559719,0
511,46168916,0.00506931716513228,-0.00482907624757458,0.707005971302373,0.70717291986392,0.00268562,0.002478242,0.25678062,0
512,46185583,0.00505162482731103,-0.0048316165590544,0.707002252723674,0.707176746797914,-0.0041388455,-0.012863548,0.23101044,0
513,46202250,0.00504839258930664,-0.00482843692326385,0.70699509368105,0.707183948799791,0.0041506356,-0.0020119238,0.25042534,0
514,46218917,0.00505111178200327,-0.00482708838283147,0.706989545228962,0.70718948551605,-0.011509995,-0.0015975728,0.24637699,0
515,46235584,0.00505051142508126,-0.00482103206266636,0.70699108471705,0.707187992060671,-0.0016462847,0.004320254,0.26449776,0
516,46252251,0.00505049837022065,-0.0048107873784463,0.706986084325096,0.707193060883434,-0.00067688106,0.0011326659,0.24026203,0
517,46268918,0.00504184150412824,-0.00479347721654586,0.706985215793832,0.707194108473317,0.0016929151,0.011826154,0.25365925,0
518,46285585,0.00504089020630318,-0.00479146784896392,0.706983207190544,0.70719613687601,0.004387196,0.012679275,0.25374413,0
519,46302252,0.00503657037662408,-0.00479265309696339,0.706987244189389,0.707192123816877,0.0066136923,-0.0028907768,0.25697708,0
520,46318919,0.00503078187318381,-0.00478866356638377,0.706989042505746,0.707190394244578,-0.0030584955,-0.0077418042,0.25677395,0
521,46335586,0.00503105013974053,-0.00477907635923219,0.706989512237334,0.707189987591779,-0.007604274,0.013476071,0.26437283,0
522,46352253,0.00502816667871282,-0.00477103142752697,0.706989142372638,0.707190432179459,-0.0039029832,0.007189406,0.24498653,0
523,46368920,0.00503344630313573,-0.00476889437577989,0.706980806084468,0.707198742853027,-0.0040066093,-0.011094638,0.1988039,0
524,46385587,0.00506564819337403,-0.00474148280857012,0.706977960202726,0.707201542233011,-0.024751658,-0.013021683,0.34674644,0
525,46402254,0.00499388397452094,-0.00481778599031659,0.706982627215549,0.707196871370625,0.016210752,0.0036666603,0.18239594,0
526,46418921,0.00503892964554148,-0.00476134315818437,0.70698161501469,0.707197946002799,-0.0029194984,0.011794541,0.19202328,0
527,46435588,0.00505608454685665,-0.00474407198856135,0.706976640503282,0.707202912587833,-0.018368965,-0.002567619,0.34422588,0
528,46452255,0.00500827554320379,-0.00478640022257613,0.706981026275585,0.707198583168344,0.0014406248,0.021941638,0.24812412,0
529,46468922,0.00503125472044577,-0.00476486010598396,0.70698002417873,0.70719956730498,-0.0068188217,0.0047564255,0.23242569,0
530,46485589,0.00501571706277186,-0.00476546400795446,0.706976773726747,0.707202923032742,-0.012768485,-0.004407438,0.27856255,0
531,46502256,0.00500299246668469,-0.00477811216310246,0.706971843141304,0.707207856797366,0.007036048,0.0049114595,0.2117958,0
532,46518923,0.00501935277285997,-0.00476743886878043,0.706972420419778,0.707207235815765,-0.0056687356,-0.0010822078,0.2530651,0
533,46535590,0.0050153387456,-0.00476230225184705,0.706968692215829,0.707211025848133,0.0022022452,-0.0014089698,0.27465534,0
534,46552257,0.00499273468248994,-0.00478818569543048,0.706980840528929,0.707198866658556,-0.004769264,0.0035104665,0.20560741,0
535,46568924,0.00500498720526248,-0.00475762020413178,0.706979070864043,0.707200755452993,-0.0148514025,0.0074971835,0.25940514,0
536,46585591,0.00499947205570009,-0.00474706494633517,0.706982120153486,0.707197817047565,0.004694415,-0.0077645327,0.2615385,0
537,46602258,0.00499284388043187,-0.00475288550194204,0.706982065717889,0.70719787919836,0.009623267,0.01666141,0.22821712,0
538,46618925,0.00499690770301569,-0.00473866722856709,0.706973882578386,0.707206126457023,-0.005099895,0.0016584103,0.2471857,0
539,46635592,0.00499131977399007,-0.00474351210904386,0.706969770874721,0.707210243767106,-0.0046394584,0.00265254,0.2641449,0
540,46652259,0.00499238264941247,-0.00474748259382496,0.706968477391753,0.707211502663023,-0.007397329,0.0052788593,0.22456646,0
541,46668926,0.00500389286568226,-0.00473003202907305,0.706973048162986,0.707206969015669,-0.0068470957,0.0053892466,0.2596283,0
542,46685593,0.00500274468922534,-0.00473584565267877,0.706971061092272,0.707208924639385,-0.0031023598,0.0025026465,0.24176598,0
543,46702260,0.00500545936310335,-0.00473774604938336,0.706963643307241,0.707216307914833,0.010636395,0.008473488,0.23764038,0
544,46718927,0.00499373626562972,-0.00472637200156791,0.706964871048639,0.707215239590461,-0.0012851437,0.0084721465,0.27003956,0
545,46735594,0.00498396989100587,-0.00473124789093836,0.706965402123903,0.707214744994268,6.451143e-05,0.016198318,0.23084831,0
546,46752261,0.00498028264933374,-0.00472915465125903,0.706960054541662,0.707220130626573,-4.4311444e-05,0.014685569,0.22739315,0
547,46768928,0.00499429874954377,-0.00471699234482614,0.706952398488021,0.707227766165366,-0.005284824,-0.015240091,0.27042484,0
548,46785595,0.00498006689608171,-0.00471584660537774,0.706949025576208,0.707231245747355,0.004894766,0.003191318,0.22311878,0
549,46802262,0.00496492363408131,-0.0047179008679169,0.706950684805507,0.707229679946856,0.0028207055,0.00079446286,0.2173996,0
550,46818929,0.00495462515258745,-0.00471408414470755,0.706954243117688,0.707226220694744,0.01182568,0.0054970076,0.2662773,0
551,46835596,0.00495415351620853,-0.00470431878565031,0.70695235375151,0.707228177657607,0.005809968,-0.0015485256,0.23601437,0
552,46852263,0.00497185094621755,-0.00468708561207075,0.706950692205223,0.707229828780708,-0.0022452434,0.005818741,0.23710632,0
553,46868930,0.00497939345147315,-0.00469248668083952,0.706954482165193,0.707225951415918,0.017466113,-0.00193301,0.25728416,0
554,46885597,0.00496477437434646,-0.00469540887851125,0.706952995628077,0.707227520762141,-0.012124097,0.006036177,0.22929478,0
555,46902264,0.00495129668579811,-0.00469715006384238,0.706953927793807,0.707226671880604,-0.011534638,0.009797565,0.23708439,0
556,46918931,0.00494491463350431,-0.00470306809476365,0.706957892465774,0.70722271403718,0.003094006,0.010779862,0.2562523,0
557,46935598,0.00493244396093391,-0.00470659350018379,0.706957655929698,0.707223014116893,-0.008995782,0.0024519092,0.25713634,0
558,46952265,0.00494307351759094,-0.00470269938744999,0.706957640429509,0.707222981301521,0.0027674537,0.0034726928,0.24804306,0
559,46968932,0.00493173492903572,-0.00469025962827952,0.706954588323755,0.707226194016595,-0.003967746,0.0067244293,0.25541496,0
560,46985599,0.00492270564384464,-0.00469196802857865,0.70695792072105,0.707222914458329,0.0022521445,0.017519519,0.24681473,0
561,47002266,0.00492225183615357,-0.00468807880011603,0.70696485069298,0.707216015965898,0.001766842,0.009685878,0.27385998,0
562,47018933,0.00491912058232174,-0.004674783989512,0.706967189085709,0.707213788188267,0.0029015893,0.011571196,0.27388287,0
563,47035600,0.00491010818884798,-0.00467127909359938,0.706970900160564,0.707210164177074,0.020246837,0.012468307,0.22506523,0
564,47052267,0.00490619534817025,-0.00466748644351761,0.706978247111715,0.707202871832654,0.0021543854,-0.0032140044,0.25151825,0
565,47068934,0.0049006639450269,-0.00466872891272014,0.706981689048781,0.707199461123218,-0.009046938,-0.002963265,0.24949837,0
566,47085601,0.0048852361390847,-0.00466606351081686,0.706984689284455,0.707196586131848,-0.0076774745,0.0027655957,0.24358368,0
567,47102268,0.0048879445148552,-0.0046511223006009,0.70698533669137,0.707196018627901,-0.010332306,0.0016169347,0.2376318,0
568,47118935,0.00487239835366001,-0.00464716680879837,0.706985969223907,0.707195519566879,0.003668518,0.0020622283,0.23610973,0
569,47135602,0.00487431234924369,-0.00464270834004465,0.706985246084448,0.707196258585482,-0.003342748,-0.00448462,0.23536015,0
570,47152269,0.00487306242218854,-0.00464144669095181,0.706988291902152,0.707193230559034,0.0027442921,0.013916825,0.2623148,0
571,47168936,0.00486657843630028,-0.0046388055250181,0.706985101944238,0.707196481556942,0.0031242082,-0.00086530246,0.22848701,0
572,47185603,0.00485581310292456,-0.00463651896665456,0.70698579515571,0.707195877546688,0.0011350267,0.0051731234,0.2473278,0
573,47202270,0.00485892847458867,-0.00463211558773847,0.706984550316745,0.707197129471473,-0.00077391363,0.02385479,0.25068283,0
574,47218937,0.00486274911392224,-0.0046264601985387,0.706988873629655,0.70719281819102,-0.009093569,-0.008010858,0.23399639,0
575,47235604,0.00485605297786761,-0.00462297064401021,0.706987028357673,0.70719473175773,0.0013326121,0.008438201,0.22665215,0
576,47252271,0.00485127590060916,-0.00462229382982859,0.706986445584656,0.707195351569466,-0.008126037,0.0031334,0.2643671,0
577,47268938,0.00484897732991485,-0.00462547191031077,0.706983208644461,0.707198582523497,-0.006471678,-0.0008309234,0.24695301,0
578,47285605,0.00484055023491252,-0.00462943471679554,0.706980472922641,0.707201349202407,-0.000986195,0.0051463856,0.24020481,0
579,47302272,0.00482853724225931,-0.00462529292031608,0.706978619418552,0.707203311345853,-0.00019750163,-0.000755837,0.24195099,0
580,47318939,0.00483287867557597,-0.00463223171426002,0.70698057975487,0.70720127655606,0.007126431,0.008358365,0.26257038,0
581,47335606,0.00483248014212557,-0.00463734483669948,0.706981804911906,0.707200020992678,0.0048298077,-0.0020239935,0.25344658,0
582,47352273,0.00482982406171198,-0.00463077543511642,0.706978314301778,0.707203571700128,-0.011590991,0.014534977,0.2557602,0
583,47368940,0.00481703351701368,-0.00462861295032329,0.706975497857251,0.707206488629554,0.0066210683,0.009796084,0.24797821,0
584,47385607,0.00481384408252557,-0.00461275690181523,0.706970667092838,0.707211443098329,0.007915348,0.012516558,0.23590565,0
585,47402274,0.00481024934322533,-0.00460930066978642,0.706965865651704,0.707216289866069,0.0074270563,0.010681852,0.25151157,0
586,47418941,0.00481184023477822,-0.00460398459637099,0.706965905762497,0.707216273574642,-0.017474746,0.0054479046,0.26481915,0
587,47435608,0.00480778415729567,-0.00459596975328232,0.706968789966955,0.707213470096677,0.00014860817,0.010400672,0.24902534,0
588,47452275,0.00481698685927867,-0.00458785951722684,0.706969695129272,0.707212555284104,-0.0020298888,0.004002544,0.23394203,0
589,47468942,0.00481161312041969,-0.00459114326250878,0.706971647057617,0.707210619291991,0.000520869,0.0011212109,0.24095917,0
590,47485609,0.00479849451629522,-0.00458544995184681,0.70696853442364,0.707213856930141,-0.005044855,0.014234129,0.26094532,0
591,47502276,0.00480093892230071,-0.00457049145083337,0.706968398587531,0.707214072959485,-0.0024108386,0.003432237,0.23084831,0
592,47518943,0.00479955476411434,-0.00456743378573343,0.706966953461598,0.707215546729501,-0.011976718,0.005601025,0.24824142,0
593,47535610,0.00480057302574566,-0.00456110756728986,0.706964752794419,0.707217780533486,-0.0066181347,0.016874949,0.2433281,0
594,47552277,0.00480224128189148,-0.00454663975516027,0.706964092197358,0.707218522727716,-0.00016322033,0.01935725,0.23561859,0
595,47568944,0.00479418342141052,-0.00454515458059569,0.706961150568919,0.707221527501412,-0.020236388,-0.0032673823,0.24899197,0
596,47585611,0.0047905651875013,-0.00453683666402214,0.70696343572424,0.707219321107142,-0.017476087,-0.0020703864,0.24868488,0
597,47602278,0.00478514442076353,-0.00452614197832854,0.70695867524108,0.707224185059477,-0.0017045098,0.0022852523,0.23830605,0
598,47618945,0.0047902710503905,-0.00451947690398455,0.706951475756099,0.707231389686609,0.0010705153,2.9098594e-05,0.23727608,0
599,47635612,0.0047855597137514,-0.00456395345897989,0.706982605424151,0.707200017233264,-0.0013838805,-0.004179762,0.24284935,0
600,47652279,0.00477327401021195,-0.00456348271367879,0.70698302486095,0.70719968399258,-0.005763086,0.013254682,0.24412918,0
601,47668946,0.00476337642058907,-0.00457207074594812,0.706978322764683,0.707204395882128,0.002344595,0.00835775,0.25090122,0
602,47685613,0.00476813911904521,-0.00457114097071628,0.706979444996962,0.70720324792195,0.00042375262,0.008114135,0.23215294,0
603,47702280,0.0047651917178615,-0.00457418499917166,0.706986180006396,0.707196515163536,0.0015891212,0.002679627,0.24182796,0
604,47718947,0.00476355416901544,-0.00458237363620887,0.706984655329565,0.707197997403891,0.0037414671,0.014263605,0.26788998,0
605,47735614,0.00476223538436867,-0.00458663583935929,0.70698723823905,0.70719539651566,0.0051616686,-0.011867197,0.24460316,0
606,47752281,0.00476639526690158,-0.00458069249985569,0.706991294660272,0.707191351762006,0.0008112682,0.023926957,0.23568726,0
607,47768948,0.00476030413047436,-0.00458165392685857,0.706982495133422,0.707200183488947,-0.0053571304,0.013381623,0.25722885,0
608,47785615,0.00475776764902471,-0.00458539220943966,0.706980126021256,0.707202544704311,0.0048205317,0.0028801041,0.24502087,0
609,47802282,0.00476455164326732,-0.00457787799813122,0.706967936707094,0.707214732983403,-0.010533299,0.0034780013,0.23461533,0
610,47818949,0.00477440718955694,-0.00456742965928033,0.706963884130646,0.707218785212332,0.0026578763,0.020312069,0.25137424,0
611,47835616,0.00477237020587332,-0.00456792609737205,0.706959937894031,0.70722274054689,-0.01492505,-0.0055888155,0.24410248,0
612,47852283,0.00476456035026969,-0.00456203716194114,0.706960042378235,0.707222726771536,0.015123026,-0.00026022494,0.24034691,0
613,47868950,0.0047575962253001,-0.00456374670063382,0.706957612175436,0.70722519191656,0.004811256,0.008510843,0.27434158,0
614,47885617,0.00475577690082479,-0.00456692988351437,0.7069552191621,0.707227575704579,0.0026655875,0.013860136,0.24454212,0
615,47902284,0.00474945544220438,-0.00455923888094846,0.706957527886011,0.707225359966064,0.00558855,0.0074145393,0.2442646,0
616,47918951,0.004748485266696,-0.00455744230931388,0.706957274531251,0.70722563131904,0.0086626075,0.0035655624,0.23843384,0
617,47935618,0.0047481241380454,-0.00456281191208099,0.706951150924128,0.707231720351736,-2.7967058e-05,0.016485296,0.2642622,0
618,47952285,0.00473593645430286,-0.00455226338273714,0.706957582962218,0.707225440504097,-0.010923833,0.01881025,0.2457552,0
